image,label
test14200.jpg,
test12178.jpg,
test12713.jpg,
test13712.jpg,
test11739.jpg,
test10611.jpg,
test12639.jpg,
test10285.jpg,
test14709.jpg,
test11443.jpg,
test14252.jpg,
test14635.jpg,
test10834.jpg,
test10398.jpg,
test14313.jpg,
test13039.jpg,
test11449.jpg,
test13572.jpg,
test13105.jpg,
test13017.jpg,
test14242.jpg,
test12523.jpg,
test10478.jpg,
test11249.jpg,
test12448.jpg,
test14973.jpg,
test14793.jpg,
test13024.jpg,
test14219.jpg,
test11650.jpg,
test12547.jpg,
test10301.jpg,
test13296.jpg,
test13729.jpg,
test14245.jpg,
test11034.jpg,
test14967.jpg,
test13878.jpg,
test10524.jpg,
test14774.jpg,
test10436.jpg,
test13072.jpg,
test14530.jpg,
test10218.jpg,
test13068.jpg,
test14125.jpg,
test12226.jpg,
test14152.jpg,
test13189.jpg,
test11563.jpg,
test13879.jpg,
test10869.jpg,
test13086.jpg,
test13501.jpg,
test12433.jpg,
test14102.jpg,
test13728.jpg,
test12137.jpg,
test10516.jpg,
test13534.jpg,
test12457.jpg,
test13341.jpg,
test13113.jpg,
test10606.jpg,
test14524.jpg,
test12887.jpg,
test11840.jpg,
test11282.jpg,
test12819.jpg,
test11187.jpg,
test14121.jpg,
test10731.jpg,
test11849.jpg,
test10149.jpg,
test11843.jpg,
test13764.jpg,
test10596.jpg,
test10129.jpg,
test12550.jpg,
test12646.jpg,
test14403.jpg,
test13174.jpg,
test14473.jpg,
test10657.jpg,
test10092.jpg,
test10347.jpg,
test14280.jpg,
test11140.jpg,
test12776.jpg,
test13259.jpg,
test14083.jpg,
test14078.jpg,
test14249.jpg,
test14113.jpg,
test13597.jpg,
test14794.jpg,
test13771.jpg,
test12913.jpg,
test12011.jpg,
test11929.jpg,
test13144.jpg,
test13351.jpg,
test10975.jpg,
test13682.jpg,
test11259.jpg,
test14271.jpg,
test13924.jpg,
test11988.jpg,
test10358.jpg,
test10352.jpg,
test11662.jpg,
test14910.jpg,
test12767.jpg,
test13446.jpg,
test11091.jpg,
test12115.jpg,
test13328.jpg,
test12800.jpg,
test14875.jpg,
test12043.jpg,
test10654.jpg,
test10565.jpg,
test12064.jpg,
test14429.jpg,
test10267.jpg,
test12642.jpg,
test14270.jpg,
test10094.jpg,
test14012.jpg,
test12139.jpg,
test10542.jpg,
test11589.jpg,
test14048.jpg,
test10629.jpg,
test14984.jpg,
test11172.jpg,
test12909.jpg,
test13027.jpg,
test13444.jpg,
test10745.jpg,
test13969.jpg,
test12793.jpg,
test12595.jpg,
test14540.jpg,
test11301.jpg,
test11319.jpg,
test14401.jpg,
test14861.jpg,
test11990.jpg,
test14479.jpg,
test12429.jpg,
test11144.jpg,
test11383.jpg,
test11463.jpg,
test13065.jpg,
test10481.jpg,
test11865.jpg,
test13654.jpg,
test12153.jpg,
test13928.jpg,
test10785.jpg,
test10851.jpg,
test10962.jpg,
test12471.jpg,
test11326.jpg,
test14555.jpg,
test13402.jpg,
test12498.jpg,
test13837.jpg,
test13583.jpg,
test11638.jpg,
test11722.jpg,
test12554.jpg,
test13698.jpg,
test13277.jpg,
test14192.jpg,
test11375.jpg,
test11989.jpg,
test14112.jpg,
test11194.jpg,
test13657.jpg,
test12388.jpg,
test14091.jpg,
test12789.jpg,
test11807.jpg,
test13492.jpg,
test12779.jpg,
test11077.jpg,
test14843.jpg,
test13405.jpg,
test13266.jpg,
test12151.jpg,
test13008.jpg,
test11212.jpg,
test12785.jpg,
test11714.jpg,
test13300.jpg,
test11973.jpg,
test13167.jpg,
test14036.jpg,
test11414.jpg,
test14015.jpg,
test11405.jpg,
test12872.jpg,
test14395.jpg,
test12567.jpg,
test10764.jpg,
test14763.jpg,
test12510.jpg,
test11615.jpg,
test10410.jpg,
test14174.jpg,
test13867.jpg,
test10793.jpg,
test10951.jpg,
test13370.jpg,
test10737.jpg,
test14390.jpg,
test10576.jpg,
test10291.jpg,
test11819.jpg,
test12543.jpg,
test11902.jpg,
test13127.jpg,
test14423.jpg,
test12067.jpg,
test14513.jpg,
test14161.jpg,
test14510.jpg,
test14750.jpg,
test14375.jpg,
test10804.jpg,
test12835.jpg,
test11100.jpg,
test13058.jpg,
test11466.jpg,
test14982.jpg,
test14692.jpg,
test12453.jpg,
test13680.jpg,
test13329.jpg,
test14683.jpg,
test12604.jpg,
test10791.jpg,
test10504.jpg,
test10634.jpg,
test13893.jpg,
test14742.jpg,
test12487.jpg,
test10044.jpg,
test14261.jpg,
test14880.jpg,
test11975.jpg,
test14437.jpg,
test13118.jpg,
test11035.jpg,
test13868.jpg,
test12734.jpg,
test13782.jpg,
test14832.jpg,
test12664.jpg,
test13899.jpg,
test10610.jpg,
test14221.jpg,
test11429.jpg,
test10215.jpg,
test14865.jpg,
test10996.jpg,
test12708.jpg,
test11731.jpg,
test10813.jpg,
test11214.jpg,
test12278.jpg,
test11611.jpg,
test12274.jpg,
test13100.jpg,
test14448.jpg,
test11903.jpg,
test13780.jpg,
test12434.jpg,
test13448.jpg,
test11649.jpg,
test10024.jpg,
test13298.jpg,
test10072.jpg,
test10964.jpg,
test14300.jpg,
test13855.jpg,
test11981.jpg,
test10644.jpg,
test12577.jpg,
test12265.jpg,
test10089.jpg,
test11492.jpg,
test14182.jpg,
test11139.jpg,
test10995.jpg,
test14999.jpg,
test14046.jpg,
test10784.jpg,
test12631.jpg,
test14741.jpg,
test14096.jpg,
test14226.jpg,
test10984.jpg,
test14913.jpg,
test11200.jpg,
test11617.jpg,
test11863.jpg,
test11504.jpg,
test14116.jpg,
test12861.jpg,
test11400.jpg,
test12533.jpg,
test10702.jpg,
test12364.jpg,
test13194.jpg,
test10861.jpg,
test12145.jpg,
test10194.jpg,
test10026.jpg,
test11869.jpg,
test10073.jpg,
test13510.jpg,
test11462.jpg,
test12002.jpg,
test10183.jpg,
test14835.jpg,
test14391.jpg,
test14646.jpg,
test12989.jpg,
test12519.jpg,
test13186.jpg,
test11232.jpg,
test12950.jpg,
test13232.jpg,
test11684.jpg,
test12333.jpg,
test11831.jpg,
test11370.jpg,
test14791.jpg,
test11597.jpg,
test10590.jpg,
test14146.jpg,
test13271.jpg,
test12361.jpg,
test10566.jpg,
test14798.jpg,
test10959.jpg,
test10449.jpg,
test10134.jpg,
test12050.jpg,
test10921.jpg,
test13963.jpg,
test10041.jpg,
test10342.jpg,
test12438.jpg,
test10538.jpg,
test12729.jpg,
test13357.jpg,
test10415.jpg,
test12507.jpg,
test13624.jpg,
test11196.jpg,
test14669.jpg,
test13222.jpg,
test14461.jpg,
test11848.jpg,
test14775.jpg,
test10554.jpg,
test11235.jpg,
test10204.jpg,
test10739.jpg,
test10076.jpg,
test14807.jpg,
test14568.jpg,
test14746.jpg,
test11664.jpg,
test12242.jpg,
test10137.jpg,
test10231.jpg,
test13968.jpg,
test14484.jpg,
test11716.jpg,
test11476.jpg,
test12441.jpg,
test11540.jpg,
test11193.jpg,
test14673.jpg,
test11984.jpg,
test11467.jpg,
test12347.jpg,
test12352.jpg,
test11288.jpg,
test11782.jpg,
test11576.jpg,
test13967.jpg,
test14267.jpg,
test14975.jpg,
test11340.jpg,
test11824.jpg,
test11987.jpg,
test10518.jpg,
test10498.jpg,
test11350.jpg,
test12694.jpg,
test11057.jpg,
test13735.jpg,
test12467.jpg,
test10340.jpg,
test11527.jpg,
test11359.jpg,
test14840.jpg,
test13546.jpg,
test10578.jpg,
test12123.jpg,
test12168.jpg,
test14426.jpg,
test11378.jpg,
test14356.jpg,
test13695.jpg,
test11723.jpg,
test11774.jpg,
test12048.jpg,
test11021.jpg,
test12956.jpg,
test13191.jpg,
test12111.jpg,
test13139.jpg,
test10002.jpg,
test10182.jpg,
test13303.jpg,
test11324.jpg,
test13163.jpg,
test13584.jpg,
test14392.jpg,
test10752.jpg,
test11539.jpg,
test12716.jpg,
test13792.jpg,
test12204.jpg,
test13936.jpg,
test12246.jpg,
test12985.jpg,
test12903.jpg,
test11657.jpg,
test10013.jpg,
test12217.jpg,
test14935.jpg,
test13183.jpg,
test14809.jpg,
test14998.jpg,
test10079.jpg,
test14496.jpg,
test11113.jpg,
test14923.jpg,
test14101.jpg,
test11438.jpg,
test13074.jpg,
test11750.jpg,
test10837.jpg,
test14366.jpg,
test12489.jpg,
test13016.jpg,
test14737.jpg,
test10960.jpg,
test12822.jpg,
test10208.jpg,
test13053.jpg,
test11682.jpg,
test10037.jpg,
test10235.jpg,
test14299.jpg,
test12089.jpg,
test14345.jpg,
test10281.jpg,
test10759.jpg,
test11053.jpg,
test12873.jpg,
test12620.jpg,
test14706.jpg,
test13667.jpg,
test12185.jpg,
test12654.jpg,
test10553.jpg,
test13234.jpg,
test11821.jpg,
test14814.jpg,
test11316.jpg,
test11376.jpg,
test12540.jpg,
test11705.jpg,
test13627.jpg,
test13095.jpg,
test11418.jpg,
test12761.jpg,
test14185.jpg,
test11514.jpg,
test13804.jpg,
test10179.jpg,
test10459.jpg,
test12245.jpg,
test11744.jpg,
test13093.jpg,
test11126.jpg,
test13655.jpg,
test11770.jpg,
test13890.jpg,
test10306.jpg,
test11448.jpg,
test12456.jpg,
test13817.jpg,
test12617.jpg,
test12815.jpg,
test11190.jpg,
test13518.jpg,
test12336.jpg,
test11769.jpg,
test14404.jpg,
test10989.jpg,
test12037.jpg,
test14030.jpg,
test14803.jpg,
test12346.jpg,
test11912.jpg,
test14364.jpg,
test14983.jpg,
test14446.jpg,
test13660.jpg,
test14647.jpg,
test14567.jpg,
test11948.jpg,
test10674.jpg,
test12894.jpg,
test12994.jpg,
test10829.jpg,
test10338.jpg,
test13242.jpg,
test10593.jpg,
test13961.jpg,
test13836.jpg,
test11813.jpg,
test14534.jpg,
test14193.jpg,
test14945.jpg,
test13145.jpg,
test12038.jpg,
test14739.jpg,
test11623.jpg,
test11856.jpg,
test10324.jpg,
test10349.jpg,
test12097.jpg,
test12371.jpg,
test13828.jpg,
test12201.jpg,
test13332.jpg,
test13445.jpg,
test12634.jpg,
test10099.jpg,
test14574.jpg,
test11262.jpg,
test11784.jpg,
test14596.jpg,
test14697.jpg,
test14038.jpg,
test10418.jpg,
test11775.jpg,
test14359.jpg,
test14658.jpg,
test13932.jpg,
test14717.jpg,
test11522.jpg,
test12946.jpg,
test10018.jpg,
test10090.jpg,
test10820.jpg,
test10021.jpg,
test13279.jpg,
test10270.jpg,
test14155.jpg,
test10709.jpg,
test14679.jpg,
test12475.jpg,
test12177.jpg,
test13114.jpg,
test12784.jpg,
test13581.jpg,
test12718.jpg,
test10586.jpg,
test11222.jpg,
test10304.jpg,
test13355.jpg,
test13972.jpg,
test13070.jpg,
test13514.jpg,
test11637.jpg,
test13003.jpg,
test11556.jpg,
test12236.jpg,
test12888.jpg,
test14657.jpg,
test11835.jpg,
test12824.jpg,
test13608.jpg,
test11961.jpg,
test14228.jpg,
test12321.jpg,
test13774.jpg,
test10386.jpg,
test12095.jpg,
test13109.jpg,
test12165.jpg,
test12636.jpg,
test11899.jpg,
test10372.jpg,
test11334.jpg,
test14194.jpg,
test13146.jpg,
test13375.jpg,
test10440.jpg,
test14377.jpg,
test10387.jpg,
test10617.jpg,
test11269.jpg,
test10548.jpg,
test11153.jpg,
test14631.jpg,
test10958.jpg,
test11385.jpg,
test10810.jpg,
test10852.jpg,
test10336.jpg,
test12714.jpg,
test12827.jpg,
test14475.jpg,
test10135.jpg,
test12748.jpg,
test13348.jpg,
test11426.jpg,
test14561.jpg,
test12927.jpg,
test10396.jpg,
test11162.jpg,
test13453.jpg,
test10904.jpg,
test10147.jpg,
test11337.jpg,
test13973.jpg,
test10845.jpg,
test10389.jpg,
test13871.jpg,
test13249.jpg,
test13081.jpg,
test12090.jpg,
test13199.jpg,
test12758.jpg,
test12158.jpg,
test13952.jpg,
test13084.jpg,
test11806.jpg,
test13822.jpg,
test10660.jpg,
test12630.jpg,
test11874.jpg,
test10788.jpg,
test13525.jpg,
test12910.jpg,
test13120.jpg,
test14688.jpg,
test13895.jpg,
test12678.jpg,
test11828.jpg,
test14625.jpg,
test13468.jpg,
test13551.jpg,
test12486.jpg,
test12379.jpg,
test14160.jpg,
test11210.jpg,
test12224.jpg,
test12291.jpg,
test13496.jpg,
test14499.jpg,
test14381.jpg,
test11995.jpg,
test12282.jpg,
test10914.jpg,
test10244.jpg,
test11986.jpg,
test12862.jpg,
test13552.jpg,
test12070.jpg,
test10963.jpg,
test12790.jpg,
test10693.jpg,
test10009.jpg,
test10366.jpg,
test10263.jpg,
test11265.jpg,
test13634.jpg,
test13791.jpg,
test10085.jpg,
test13738.jpg,
test13260.jpg,
test14234.jpg,
test10175.jpg,
test10293.jpg,
test12243.jpg,
test11437.jpg,
test12490.jpg,
test11885.jpg,
test10913.jpg,
test12181.jpg,
test10290.jpg,
test12367.jpg,
test12905.jpg,
test14269.jpg,
test11245.jpg,
test11688.jpg,
test14344.jpg,
test14621.jpg,
test13140.jpg,
test14040.jpg,
test12795.jpg,
test14686.jpg,
test12802.jpg,
test11606.jpg,
test10667.jpg,
test12057.jpg,
test12114.jpg,
test13902.jpg,
test12109.jpg,
test14813.jpg,
test13808.jpg,
test10841.jpg,
test13247.jpg,
test11732.jpg,
test11435.jpg,
test10547.jpg,
test13760.jpg,
test12169.jpg,
test14380.jpg,
test12329.jpg,
test14711.jpg,
test13506.jpg,
test13975.jpg,
test10932.jpg,
test12732.jpg,
test12514.jpg,
test11868.jpg,
test12526.jpg,
test10988.jpg,
test12588.jpg,
test11120.jpg,
test11558.jpg,
test13437.jpg,
test11108.jpg,
test11644.jpg,
test10928.jpg,
test11029.jpg,
test10125.jpg,
test10431.jpg,
test11475.jpg,
test14333.jpg,
test11809.jpg,
test14856.jpg,
test13420.jpg,
test11273.jpg,
test12695.jpg,
test10749.jpg,
test13134.jpg,
test10946.jpg,
test13495.jpg,
test13123.jpg,
test14779.jpg,
test14172.jpg,
test11892.jpg,
test10816.jpg,
test13116.jpg,
test14455.jpg,
test12373.jpg,
test10117.jpg,
test13335.jpg,
test14419.jpg,
test14412.jpg,
test11601.jpg,
test13830.jpg,
test12344.jpg,
test10468.jpg,
test10551.jpg,
test10237.jpg,
test11755.jpg,
test11483.jpg,
test14972.jpg,
test14906.jpg,
test13045.jpg,
test13261.jpg,
test10412.jpg,
test11825.jpg,
test13434.jpg,
test10795.jpg,
test11297.jpg,
test13908.jpg,
test14055.jpg,
test10822.jpg,
test10647.jpg,
test11998.jpg,
test13363.jpg,
test13276.jpg,
test12468.jpg,
test13758.jpg,
test12701.jpg,
test11751.jpg,
test12420.jpg,
test12015.jpg,
test12625.jpg,
test10236.jpg,
test10540.jpg,
test10479.jpg,
test10344.jpg,
test10836.jpg,
test13498.jpg,
test10589.jpg,
test14486.jpg,
test11719.jpg,
test14674.jpg,
test11996.jpg,
test10016.jpg,
test10770.jpg,
test10876.jpg,
test13509.jpg,
test10377.jpg,
test12104.jpg,
test14447.jpg,
test11933.jpg,
test14175.jpg,
test13101.jpg,
test14442.jpg,
test11943.jpg,
test14165.jpg,
test10460.jpg,
test14286.jpg,
test12324.jpg,
test11284.jpg,
test12435.jpg,
test13933.jpg,
test11090.jpg,
test13278.jpg,
test13252.jpg,
test11747.jpg,
test10714.jpg,
test10485.jpg,
test13835.jpg,
test14037.jpg,
test13981.jpg,
test12669.jpg,
test11306.jpg,
test14819.jpg,
test13556.jpg,
test12293.jpg,
test14738.jpg,
test14651.jpg,
test14044.jpg,
test13942.jpg,
test14067.jpg,
test12834.jpg,
test13950.jpg,
test13569.jpg,
test12728.jpg,
test10329.jpg,
test13104.jpg,
test13744.jpg,
test10815.jpg,
test13670.jpg,
test12988.jpg,
test14950.jpg,
test12579.jpg,
test14273.jpg,
test13168.jpg,
test10971.jpg,
test14604.jpg,
test14675.jpg,
test14643.jpg,
test14937.jpg,
test10977.jpg,
test12056.jpg,
test12205.jpg,
test12146.jpg,
test10514.jpg,
test13541.jpg,
test13475.jpg,
test14453.jpg,
test14122.jpg,
test12984.jpg,
test14523.jpg,
test10786.jpg,
test11300.jpg,
test10549.jpg,
test10515.jpg,
test14777.jpg,
test11686.jpg,
test13717.jpg,
test10326.jpg,
test10952.jpg,
test12907.jpg,
test12314.jpg,
test14778.jpg,
test12281.jpg,
test10523.jpg,
test10065.jpg,
test12212.jpg,
test11410.jpg,
test11330.jpg,
test13282.jpg,
test10562.jpg,
test11513.jpg,
test11078.jpg,
test14896.jpg,
test14931.jpg,
test10152.jpg,
test10455.jpg,
test14378.jpg,
test13766.jpg,
test11044.jpg,
test14528.jpg,
test10564.jpg,
test12524.jpg,
test11932.jpg,
test12391.jpg,
test10905.jpg,
test10774.jpg,
test10530.jpg,
test13749.jpg,
test14966.jpg,
test12054.jpg,
test12102.jpg,
test13693.jpg,
test13720.jpg,
test11930.jpg,
test13392.jpg,
test12214.jpg,
test11579.jpg,
test12792.jpg,
test10373.jpg,
test13891.jpg,
test14497.jpg,
test11105.jpg,
test14363.jpg,
test11441.jpg,
test11550.jpg,
test10221.jpg,
test14421.jpg,
test11588.jpg,
test13708.jpg,
test13690.jpg,
test13269.jpg,
test11681.jpg,
test10425.jpg,
test14035.jpg,
test13038.jpg,
test14810.jpg,
test14201.jpg,
test12366.jpg,
test13732.jpg,
test13097.jpg,
test14318.jpg,
test11009.jpg,
test14431.jpg,
test11177.jpg,
test11521.jpg,
test11614.jpg,
test13865.jpg,
test10334.jpg,
test11403.jpg,
test13665.jpg,
test11573.jpg,
test13971.jpg,
test13206.jpg,
test14802.jpg,
test11950.jpg,
test12499.jpg,
test10580.jpg,
test10458.jpg,
test10716.jpg,
test14898.jpg,
test11322.jpg,
test14916.jpg,
test11993.jpg,
test13630.jpg,
test10591.jpg,
test11355.jpg,
test14826.jpg,
test11404.jpg,
test11237.jpg,
test12741.jpg,
test12059.jpg,
test13378.jpg,
test10511.jpg,
test13919.jpg,
test14781.jpg,
test14316.jpg,
test12260.jpg,
test13900.jpg,
test14485.jpg,
test13469.jpg,
test14181.jpg,
test12699.jpg,
test14498.jpg,
test12316.jpg,
test13818.jpg,
test13048.jpg,
test11832.jpg,
test11876.jpg,
test10497.jpg,
test14500.jpg,
test13960.jpg,
test11138.jpg,
test13746.jpg,
test10180.jpg,
test14330.jpg,
test12555.jpg,
test10509.jpg,
test14351.jpg,
test12202.jpg,
test11287.jpg,
test14057.jpg,
test12970.jpg,
test14867.jpg,
test11533.jpg,
test12307.jpg,
test13814.jpg,
test10626.jpg,
test14816.jpg,
test12470.jpg,
test10110.jpg,
test13929.jpg,
test11799.jpg,
test11130.jpg,
test11746.jpg,
test12362.jpg,
test13033.jpg,
test11655.jpg,
test13661.jpg,
test12847.jpg,
test10457.jpg,
test13046.jpg,
test11941.jpg,
test10248.jpg,
test12702.jpg,
test13507.jpg,
test14749.jpg,
test11181.jpg,
test10707.jpg,
test14889.jpg,
test12965.jpg,
test13788.jpg,
test10747.jpg,
test10164.jpg,
test10025.jpg,
test11939.jpg,
test12451.jpg,
test10048.jpg,
test13847.jpg,
test11125.jpg,
test10184.jpg,
test14751.jpg,
test12602.jpg,
test11402.jpg,
test10656.jpg,
test11173.jpg,
test13353.jpg,
test13343.jpg,
test12172.jpg,
test13604.jpg,
test10146.jpg,
test14511.jpg,
test14140.jpg,
test11474.jpg,
test13705.jpg,
test12864.jpg,
test13340.jpg,
test10736.jpg,
test10531.jpg,
test13809.jpg,
test13672.jpg,
test11561.jpg,
test12331.jpg,
test11861.jpg,
test14056.jpg,
test13811.jpg,
test10559.jpg,
test14860.jpg,
test11972.jpg,
test10993.jpg,
test12233.jpg,
test12738.jpg,
test14010.jpg,
test12428.jpg,
test14577.jpg,
test13477.jpg,
test13484.jpg,
test14718.jpg,
test14449.jpg,
test10751.jpg,
test11380.jpg,
test11545.jpg,
test12199.jpg,
test11778.jpg,
test14857.jpg,
test10153.jpg,
test10303.jpg,
test11161.jpg,
test13265.jpg,
test11798.jpg,
test12616.jpg,
test12409.jpg,
test12219.jpg,
test13679.jpg,
test14890.jpg,
test12334.jpg,
test10853.jpg,
test13934.jpg,
test11283.jpg,
test13228.jpg,
test14955.jpg,
test13906.jpg,
test11851.jpg,
test10616.jpg,
test11149.jpg,
test14302.jpg,
test12922.jpg,
test14627.jpg,
test11424.jpg,
test10489.jpg,
test11060.jpg,
test12000.jpg,
test10624.jpg,
test10579.jpg,
test13850.jpg,
test10059.jpg,
test10209.jpg,
test10490.jpg,
test14965.jpg,
test11553.jpg,
test12997.jpg,
test12883.jpg,
test14482.jpg,
test13918.jpg,
test14776.jpg,
test13756.jpg,
test11963.jpg,
test12446.jpg,
test10346.jpg,
test10176.jpg,
test14591.jpg,
test11439.jpg,
test10755.jpg,
test13143.jpg,
test14617.jpg,
test12743.jpg,
test14153.jpg,
test11360.jpg,
test14291.jpg,
test11691.jpg,
test13110.jpg,
test13155.jpg,
test13829.jpg,
test14369.jpg,
test13483.jpg,
test12904.jpg,
test13122.jpg,
test13031.jpg,
test11695.jpg,
test10978.jpg,
test14757.jpg,
test10992.jpg,
test11353.jpg,
test12704.jpg,
test12480.jpg,
test12031.jpg,
test14467.jpg,
test11970.jpg,
test13287.jpg,
test12408.jpg,
test11264.jpg,
test11493.jpg,
test12717.jpg,
test13230.jpg,
test13131.jpg,
test10866.jpg,
test13471.jpg,
test14964.jpg,
test14109.jpg,
test10253.jpg,
test10544.jpg,
test11164.jpg,
test11666.jpg,
test14545.jpg,
test13314.jpg,
test10899.jpg,
test10393.jpg,
test12359.jpg,
test11419.jpg,
test13413.jpg,
test12078.jpg,
test11883.jpg,
test12255.jpg,
test14005.jpg,
test14874.jpg,
test12958.jpg,
test14507.jpg,
test10127.jpg,
test10775.jpg,
test13035.jpg,
test11398.jpg,
test13796.jpg,
test14871.jpg,
test10939.jpg,
test14684.jpg,
test12877.jpg,
test14770.jpg,
test14457.jpg,
test12033.jpg,
test13896.jpg,
test13073.jpg,
test10753.jpg,
test12338.jpg,
test10526.jpg,
test11958.jpg,
test12531.jpg,
test10636.jpg,
test13416.jpg,
test13428.jpg,
test11307.jpg,
test11812.jpg,
test10605.jpg,
test13102.jpg,
test11505.jpg,
test13002.jpg,
test13181.jpg,
test12215.jpg,
test14676.jpg,
test12271.jpg,
test12459.jpg,
test11928.jpg,
test11560.jpg,
test11118.jpg,
test14202.jpg,
test13079.jpg,
test10199.jpg,
test11073.jpg,
test14438.jpg,
test12270.jpg,
test10119.jpg,
test14822.jpg,
test13566.jpg,
test11503.jpg,
test12603.jpg,
test12117.jpg,
test12917.jpg,
test10439.jpg,
test11743.jpg,
test10019.jpg,
test11191.jpg,
test12530.jpg,
test12575.jpg,
test10283.jpg,
test14483.jpg,
test11853.jpg,
test12961.jpg,
test11584.jpg,
test11089.jpg,
test10863.jpg,
test12004.jpg,
test14548.jpg,
test14402.jpg,
test14079.jpg,
test13015.jpg,
test10202.jpg,
test12403.jpg,
test14764.jpg,
test11718.jpg,
test14926.jpg,
test13176.jpg,
test11251.jpg,
test11058.jpg,
test11905.jpg,
test12479.jpg,
test14145.jpg,
test12979.jpg,
test14157.jpg,
test13989.jpg,
test13380.jpg,
test14237.jpg,
test12744.jpg,
test14134.jpg,
test13524.jpg,
test14312.jpg,
test13473.jpg,
test13263.jpg,
test10608.jpg,
test13997.jpg,
test14782.jpg,
test11818.jpg,
test11112.jpg,
test14414.jpg,
test14538.jpg,
test11248.jpg,
test13386.jpg,
test11032.jpg,
test12113.jpg,
test10289.jpg,
test11913.jpg,
test13853.jpg,
test10945.jpg,
test11067.jpg,
test13914.jpg,
test13166.jpg,
test12896.jpg,
test10724.jpg,
test14222.jpg,
test14301.jpg,
test13559.jpg,
test11163.jpg,
test11354.jpg,
test12925.jpg,
test11596.jpg,
test12649.jpg,
test11578.jpg,
test12600.jpg,
test10095.jpg,
test13012.jpg,
test13291.jpg,
test14784.jpg,
test14699.jpg,
test14143.jpg,
test10746.jpg,
test14713.jpg,
test14108.jpg,
test14592.jpg,
test12710.jpg,
test11921.jpg,
test14644.jpg,
test12084.jpg,
test14883.jpg,
test11356.jpg,
test13813.jpg,
test13075.jpg,
test11610.jpg,
test13553.jpg,
test12418.jpg,
test14379.jpg,
test13062.jpg,
test10226.jpg,
test14731.jpg,
test11952.jpg,
test11154.jpg,
test12195.jpg,
test13426.jpg,
test10023.jpg,
test13327.jpg,
test14571.jpg,
test13129.jpg,
test14238.jpg,
test13172.jpg,
test13195.jpg,
test11114.jpg,
test13554.jpg,
test13786.jpg,
test13030.jpg,
test10680.jpg,
test14093.jpg,
test11431.jpg,
test11244.jpg,
test10315.jpg,
test12923.jpg,
test12662.jpg,
test11844.jpg,
test13753.jpg,
test13121.jpg,
test13944.jpg,
test11897.jpg,
test11185.jpg,
test12390.jpg,
test12318.jpg,
test10091.jpg,
test14736.jpg,
test10300.jpg,
test11552.jpg,
test14119.jpg,
test10619.jpg,
test14773.jpg,
test10882.jpg,
test13857.jpg,
test14450.jpg,
test14806.jpg,
test11098.jpg,
test12455.jpg,
test10422.jpg,
test14529.jpg,
test11486.jpg,
test11291.jpg,
test14786.jpg,
test11671.jpg,
test10032.jpg,
test12295.jpg,
test10567.jpg,
test13778.jpg,
test13790.jpg,
test14439.jpg,
test11608.jpg,
test14199.jpg,
test10165.jpg,
test13429.jpg,
test13250.jpg,
test10201.jpg,
test12234.jpg,
test14358.jpg,
test14383.jpg,
test12252.jpg,
test11104.jpg,
test13106.jpg,
test11956.jpg,
test11219.jpg,
test12175.jpg,
test11109.jpg,
test14506.jpg,
test12589.jpg,
test10093.jpg,
test10381.jpg,
test14638.jpg,
test12566.jpg,
test13781.jpg,
test10424.jpg,
test10850.jpg,
test12724.jpg,
test11170.jpg,
test14136.jpg,
test10470.jpg,
test13628.jpg,
test11884.jpg,
test12773.jpg,
test13921.jpg,
test10678.jpg,
test10889.jpg,
test11390.jpg,
test14117.jpg,
test12074.jpg,
test14869.jpg,
test13734.jpg,
test11500.jpg,
test12323.jpg,
test14257.jpg,
test14256.jpg,
test11934.jpg,
test13827.jpg,
test12458.jpg,
test13555.jpg,
test11422.jpg,
test14230.jpg,
test14670.jpg,
test10488.jpg,
test11940.jpg,
test10991.jpg,
test12304.jpg,
test11628.jpg,
test12280.jpg,
test10733.jpg,
test12712.jpg,
test13854.jpg,
test13389.jpg,
test12086.jpg,
test13217.jpg,
test11243.jpg,
test14444.jpg,
test10906.jpg,
test13609.jpg,
test12494.jpg,
test10664.jpg,
test12444.jpg,
test11572.jpg,
test11951.jpg,
test13582.jpg,
test13441.jpg,
test12166.jpg,
test12290.jpg,
test12075.jpg,
test10434.jpg,
test10612.jpg,
test10783.jpg,
test13922.jpg,
test10931.jpg,
test11795.jpg,
test13917.jpg,
test14893.jpg,
test14559.jpg,
test11877.jpg,
test14595.jpg,
test12635.jpg,
test12414.jpg,
test14949.jpg,
test13802.jpg,
test14339.jpg,
test13707.jpg,
test12778.jpg,
test10944.jpg,
test13433.jpg,
test10108.jpg,
test14563.jpg,
test13465.jpg,
test11227.jpg,
test10168.jpg,
test13858.jpg,
test14907.jpg,
test12445.jpg,
test14370.jpg,
test11117.jpg,
test11645.jpg,
test13009.jpg,
test11434.jpg,
test14278.jpg,
test10075.jpg,
test10683.jpg,
test12963.jpg,
test11678.jpg,
test14354.jpg,
test12369.jpg,
test14073.jpg,
test14501.jpg,
test10666.jpg,
test13175.jpg,
test12596.jpg,
test14098.jpg,
test14608.jpg,
test12066.jpg,
test13479.jpg,
test11395.jpg,
test12196.jpg,
test12614.jpg,
test11766.jpg,
test14797.jpg,
test10777.jpg,
test11133.jpg,
test10879.jpg,
test12207.jpg,
test11040.jpg,
test11565.jpg,
test11026.jpg,
test11231.jpg,
test10213.jpg,
test13099.jpg,
test13894.jpg,
test11179.jpg,
test12006.jpg,
test10769.jpg,
test14195.jpg,
test11726.jpg,
test14188.jpg,
test13299.jpg,
test10925.jpg,
test11768.jpg,
test10563.jpg,
test12303.jpg,
test12881.jpg,
test12400.jpg,
test13255.jpg,
test11061.jpg,
test11817.jpg,
test10571.jpg,
test10585.jpg,
test10317.jpg,
test11174.jpg,
test10155.jpg,
test14239.jpg,
test12257.jpg,
test12328.jpg,
test11358.jpg,
test13499.jpg,
test12980.jpg,
test11188.jpg,
test14367.jpg,
test12839.jpg,
test10587.jpg,
test10893.jpg,
test10756.jpg,
test11132.jpg,
test14878.jpg,
test11854.jpg,
test12112.jpg,
test13539.jpg,
test14236.jpg,
test14410.jpg,
test13768.jpg,
test12573.jpg,
test10445.jpg,
test13886.jpg,
test11285.jpg,
test14021.jpg,
test11773.jpg,
test13233.jpg,
test14334.jpg,
test14618.jpg,
test12841.jpg,
test10883.jpg,
test10451.jpg,
test10878.jpg,
test13384.jpg,
test14328.jpg,
test11669.jpg,
test10159.jpg,
test11979.jpg,
test11724.jpg,
test13270.jpg,
test12643.jpg,
test10438.jpg,
test11030.jpg,
test11727.jpg,
test11131.jpg,
test10195.jpg,
test14459.jpg,
test12774.jpg,
test13488.jpg,
test14213.jpg,
test14011.jpg,
test14003.jpg,
test14551.jpg,
test14099.jpg,
test14309.jpg,
test11116.jpg,
test11529.jpg,
test13560.jpg,
test13147.jpg,
test10185.jpg,
test11654.jpg,
test10243.jpg,
test12161.jpg,
test11734.jpg,
test11999.jpg,
test14825.jpg,
test12209.jpg,
test10259.jpg,
test11293.jpg,
test10151.jpg,
test13223.jpg,
test11436.jpg,
test14000.jpg,
test11365.jpg,
test14210.jpg,
test13020.jpg,
test10133.jpg,
test13117.jpg,
test10401.jpg,
test11976.jpg,
test10840.jpg,
test10097.jpg,
test10907.jpg,
test13776.jpg,
test12769.jpg,
test14297.jpg,
test11045.jpg,
test13635.jpg,
test14289.jpg,
test10210.jpg,
test10239.jpg,
test13470.jpg,
test13685.jpg,
test11850.jpg,
test13367.jpg,
test11226.jpg,
test13863.jpg,
test12425.jpg,
test12953.jpg,
test11953.jpg,
test13190.jpg,
test13098.jpg,
test12995.jpg,
test11497.jpg,
test12517.jpg,
test12574.jpg,
test13063.jpg,
test11103.jpg,
test14754.jpg,
test10701.jpg,
test10871.jpg,
test14841.jpg,
test13515.jpg,
test10350.jpg,
test10211.jpg,
test10911.jpg,
test12380.jpg,
test14515.jpg,
test12122.jpg,
test13041.jpg,
test12069.jpg,
test14244.jpg,
test13028.jpg,
test10262.jpg,
test11923.jpg,
test13333.jpg,
test10367.jpg,
test11780.jpg,
test10294.jpg,
test13503.jpg,
test14612.jpg,
test13334.jpg,
test10919.jpg,
test14562.jpg,
test14957.jpg,
test13006.jpg,
test13632.jpg,
test14105.jpg,
test14719.jpg,
test11286.jpg,
test14223.jpg,
test10592.jpg,
test13941.jpg,
test10071.jpg,
test13124.jpg,
test11713.jpg,
test14440.jpg,
test11651.jpg,
test10296.jpg,
test12607.jpg,
test10513.jpg,
test14371.jpg,
test11936.jpg,
test13800.jpg,
test13135.jpg,
test14583.jpg,
test11136.jpg,
test13860.jpg,
test14304.jpg,
test14382.jpg,
test10744.jpg,
test10698.jpg,
test13077.jpg,
test13202.jpg,
test11473.jpg,
test14613.jpg,
test13565.jpg,
test10017.jpg,
test14389.jpg,
test13904.jpg,
test14217.jpg,
test11150.jpg,
test11052.jpg,
test11076.jpg,
test10040.jpg,
test14838.jpg,
test14521.jpg,
test11968.jpg,
test13540.jpg,
test14909.jpg,
test10811.jpg,
test10186.jpg,
test10671.jpg,
test12653.jpg,
test12231.jpg,
test14435.jpg,
test13352.jpg,
test12421.jpg,
test12857.jpg,
test14220.jpg,
test12416.jpg,
test10469.jpg,
test10441.jpg,
test13578.jpg,
test12017.jpg,
test12419.jpg,
test10466.jpg,
test14637.jpg,
test11344.jpg,
test10384.jpg,
test10757.jpg,
test12684.jpg,
test14487.jpg,
test13903.jpg,
test11833.jpg,
test14575.jpg,
test13731.jpg,
test14069.jpg,
test12700.jpg,
test14214.jpg,
test13976.jpg,
test12805.jpg,
test10940.jpg,
test10087.jpg,
test11018.jpg,
test14135.jpg,
test12141.jpg,
test11788.jpg,
test12542.jpg,
test11207.jpg,
test10200.jpg,
test12003.jpg,
test13246.jpg,
test14603.jpg,
test11907.jpg,
test10070.jpg,
test12679.jpg,
test13379.jpg,
test10309.jpg,
test10136.jpg,
test12375.jpg,
test12407.jpg,
test12200.jpg,
test12422.jpg,
test10128.jpg,
test13561.jpg,
test11152.jpg,
test14859.jpg,
test10042.jpg,
test12670.jpg,
test12674.jpg,
test11406.jpg,
test10139.jpg,
test12341.jpg,
test10868.jpg,
test12754.jpg,
test12837.jpg,
test13141.jpg,
test13193.jpg,
test11328.jpg,
test12108.jpg,
test10392.jpg,
test11619.jpg,
test12504.jpg,
test13204.jpg,
test12926.jpg,
test14990.jpg,
test11366.jpg,
test11823.jpg,
test13244.jpg,
test14956.jpg,
test12551.jpg,
test11616.jpg,
test12198.jpg,
test11097.jpg,
test10258.jpg,
test14128.jpg,
test12826.jpg,
test10486.jpg,
test12012.jpg,
test14298.jpg,
test10276.jpg,
test12803.jpg,
test13824.jpg,
test13152.jpg,
test13959.jpg,
test11065.jpg,
test12618.jpg,
test14598.jpg,
test12511.jpg,
test10397.jpg,
test12440.jpg,
test12671.jpg,
test11534.jpg,
test13730.jpg,
test14885.jpg,
test14138.jpg,
test13231.jpg,
test13633.jpg,
test14111.jpg,
test13678.jpg,
test14084.jpg,
test13184.jpg,
test13440.jpg,
test10502.jpg,
test13301.jpg,
test11041.jpg,
test14847.jpg,
test10934.jpg,
test11253.jpg,
test10144.jpg,
test10835.jpg,
test10006.jpg,
test13205.jpg,
test11618.jpg,
test12798.jpg,
test11786.jpg,
test10581.jpg,
test11931.jpg,
test11530.jpg,
test13980.jpg,
test11027.jpg,
test14678.jpg,
test12651.jpg,
test14164.jpg,
test14619.jpg,
test10761.jpg,
test12273.jpg,
test12360.jpg,
test11080.jpg,
test11568.jpg,
test11362.jpg,
test14265.jpg,
test13794.jpg,
test13264.jpg,
test12840.jpg,
test13770.jpg,
test10738.jpg,
test11765.jpg,
test11779.jpg,
test11003.jpg,
test12570.jpg,
test13626.jpg,
test12667.jpg,
test14045.jpg,
test10723.jpg,
test12432.jpg,
test14714.jpg,
test10517.jpg,
test13999.jpg,
test13076.jpg,
test13044.jpg,
test10266.jpg,
test12920.jpg,
test10420.jpg,
test10257.jpg,
test12976.jpg,
test13711.jpg,
test12624.jpg,
test14187.jpg,
test11106.jpg,
test11871.jpg,
test11186.jpg,
test11023.jpg,
test13034.jpg,
test10394.jpg,
test12930.jpg,
test12663.jpg,
test13676.jpg,
test14062.jpg,
test11602.jpg,
test12298.jpg,
test14276.jpg,
test12924.jpg,
test13956.jpg,
test14124.jpg,
test10297.jpg,
test14886.jpg,
test12013.jpg,
test13001.jpg,
test10973.jpg,
test14614.jpg,
test12065.jpg,
test11494.jpg,
test12676.jpg,
test13795.jpg,
test13579.jpg,
test13653.jpg,
test12820.jpg,
test14197.jpg,
test11758.jpg,
test12521.jpg,
test12029.jpg,
test13623.jpg,
test12809.jpg,
test13225.jpg,
test11064.jpg,
test13674.jpg,
test10912.jpg,
test11270.jpg,
test14518.jpg,
test13082.jpg,
test12210.jpg,
test10323.jpg,
test11002.jpg,
test12719.jpg,
test11239.jpg,
test12249.jpg,
test10429.jpg,
test13586.jpg,
test11937.jpg,
test11364.jpg,
test11785.jpg,
test12844.jpg,
test12250.jpg,
test10903.jpg,
test14873.jpg,
test10406.jpg,
test13590.jpg,
test13142.jpg,
test11715.jpg,
test13948.jpg,
test12686.jpg,
test12929.jpg,
test12866.jpg,
test11213.jpg,
test12856.jpg,
test12423.jpg,
test11858.jpg,
test11148.jpg,
test10916.jpg,
test11491.jpg,
test11223.jpg,
test11663.jpg,
test10464.jpg,
test10375.jpg,
test14800.jpg,
test13591.jpg,
test13439.jpg,
test11763.jpg,
test14812.jpg,
test12299.jpg,
test10880.jpg,
test14420.jpg,
test14321.jpg,
test11549.jpg,
test11096.jpg,
test13381.jpg,
test14443.jpg,
test12556.jpg,
test13548.jpg,
test10527.jpg,
test11710.jpg,
test12262.jpg,
test14783.jpg,
test10719.jpg,
test14662.jpg,
test11000.jpg,
test12597.jpg,
test14834.jpg,
test10039.jpg,
test12482.jpg,
test11841.jpg,
test10686.jpg,
test11250.jpg,
test13542.jpg,
test14254.jpg,
test10351.jpg,
test13953.jpg,
test14553.jpg,
test14061.jpg,
test13274.jpg,
test11922.jpg,
test13765.jpg,
test13691.jpg,
test13819.jpg,
test14260.jpg,
test13592.jpg,
test14962.jpg,
test10855.jpg,
test11129.jpg,
test11814.jpg,
test13722.jpg,
test14985.jpg,
test12740.jpg,
test12591.jpg,
test13889.jpg,
test10054.jpg,
test13512.jpg,
test13090.jpg,
test12891.jpg,
test10331.jpg,
test11501.jpg,
test10274.jpg,
test12225.jpg,
test12848.jpg,
test12430.jpg,
test11487.jpg,
test14327.jpg,
test11815.jpg,
test12092.jpg,
test12682.jpg,
test12417.jpg,
test11471.jpg,
test11509.jpg,
test11182.jpg,
test12497.jpg,
test11557.jpg,
test12869.jpg,
test12085.jpg,
test11289.jpg,
test12794.jpg,
test11982.jpg,
test10621.jpg,
test11122.jpg,
test13308.jpg,
test10847.jpg,
test12442.jpg,
test13650.jpg,
test13872.jpg,
test10171.jpg,
test13311.jpg,
test14766.jpg,
test10821.jpg,
test11626.jpg,
test14490.jpg,
test12460.jpg,
test11203.jpg,
test11338.jpg,
test14026.jpg,
test11111.jpg,
test13177.jpg,
test13427.jpg,
test13243.jpg,
test10178.jpg,
test13687.jpg,
test13078.jpg,
test13004.jpg,
test12374.jpg,
test10212.jpg,
test12508.jpg,
test13757.jpg,
test14176.jpg,
test14405.jpg,
test11554.jpg,
test11292.jpg,
test12320.jpg,
test14006.jpg,
test14080.jpg,
test13393.jpg,
test13954.jpg,
test11680.jpg,
test12292.jpg,
test11945.jpg,
test11481.jpg,
test11367.jpg,
test14059.jpg,
test10333.jpg,
test10717.jpg,
test11862.jpg,
test13669.jpg,
test12938.jpg,
test14393.jpg,
test14630.jpg,
test12357.jpg,
test14027.jpg,
test10663.jpg,
test14049.jpg,
test10575.jpg,
test11074.jpg,
test12594.jpg,
test14588.jpg,
test13677.jpg,
test14028.jpg,
test10627.jpg,
test10126.jpg,
test10050.jpg,
test12918.jpg,
test11031.jpg,
test12505.jpg,
test11567.jpg,
test11477.jpg,
test12765.jpg,
test12381.jpg,
test14385.jpg,
test14762.jpg,
test11760.jpg,
test10083.jpg,
test11137.jpg,
test10887.jpg,
test12557.jpg,
test13436.jpg,
test14569.jpg,
test10047.jpg,
test13307.jpg,
test11772.jpg,
test14933.jpg,
test13558.jpg,
test13132.jpg,
test14347.jpg,
test10107.jpg,
test10453.jpg,
test12996.jpg,
test13029.jpg,
test12569.jpg,
test14664.jpg,
test12814.jpg,
test11257.jpg,
test11559.jpg,
test11075.jpg,
test13741.jpg,
test11604.jpg,
test14704.jpg,
test12568.jpg,
test11658.jpg,
test10287.jpg,
test10444.jpg,
test13056.jpg,
test14085.jpg,
test11960.jpg,
test11489.jpg,
test13810.jpg,
test11417.jpg,
test11036.jpg,
test12027.jpg,
test14362.jpg,
test14144.jpg,
test13599.jpg,
test10750.jpg,
test13673.jpg,
test12706.jpg,
test11013.jpg,
test11781.jpg,
test10413.jpg,
test14130.jpg,
test10055.jpg,
test13521.jpg,
test14765.jpg,
test11687.jpg,
test12637.jpg,
test13138.jpg,
test12099.jpg,
test12405.jpg,
test11252.jpg,
test13748.jpg,
test14997.jpg,
test10049.jpg,
test14703.jpg,
test10808.jpg,
test11636.jpg,
test13806.jpg,
test14311.jpg,
test11647.jpg,
test13815.jpg,
test12509.jpg,
test14306.jpg,
test14680.jpg,
test14531.jpg,
test13530.jpg,
test11532.jpg,
test10692.jpg,
test13254.jpg,
test12948.jpg,
test12991.jpg,
test11919.jpg,
test14587.jpg,
test13750.jpg,
test11661.jpg,
test14689.jpg,
test12351.jpg,
test13527.jpg,
test11543.jpg,
test11515.jpg,
test13432.jpg,
test12546.jpg,
test13203.jpg,
test11189.jpg,
test11254.jpg,
test11299.jpg,
test14729.jpg,
test14494.jpg,
test10437.jpg,
test11575.jpg,
test14696.jpg,
test12768.jpg,
test12296.jpg,
test12771.jpg,
test10187.jpg,
test14042.jpg,
test12144.jpg,
test10613.jpg,
test13023.jpg,
test10286.jpg,
test13464.jpg,
test11510.jpg,
test12018.jpg,
test12806.jpg,
test10954.jpg,
test10354.jpg,
test14295.jpg,
test12148.jpg,
test13803.jpg,
test11609.jpg,
test12592.jpg,
test14307.jpg,
test14759.jpg,
test10920.jpg,
test14939.jpg,
test12450.jpg,
test10311.jpg,
test12229.jpg,
test12934.jpg,
test11343.jpg,
test11675.jpg,
test13447.jpg,
test13318.jpg,
test12549.jpg,
test10673.jpg,
test14725.jpg,
test12657.jpg,
test14337.jpg,
test10956.jpg,
test10103.jpg,
test13224.jpg,
test13342.jpg,
test13545.jpg,
test12061.jpg,
test12154.jpg,
test13983.jpg,
test13491.jpg,
test12752.jpg,
test11838.jpg,
test10796.jpg,
test10145.jpg,
test10005.jpg,
test13601.jpg,
test13641.jpg,
test10831.jpg,
test10706.jpg,
test11620.jpg,
test12133.jpg,
test10492.jpg,
test13221.jpg,
test11047.jpg,
test10307.jpg,
test13312.jpg,
test10493.jpg,
test11895.jpg,
test13092.jpg,
test12766.jpg,
test10382.jpg,
test14454.jpg,
test11071.jpg,
test12974.jpg,
test11852.jpg,
test10156.jpg,
test13945.jpg,
test12986.jpg,
test12159.jpg,
test13508.jpg,
test12697.jpg,
test10130.jpg,
test11837.jpg,
test14884.jpg,
test14744.jpg,
test13798.jpg,
test11276.jpg,
test10260.jpg,
test10109.jpg,
test11310.jpg,
test10577.jpg,
test12157.jpg,
test11900.jpg,
test11524.jpg,
test11886.jpg,
test12272.jpg,
test11146.jpg,
test13662.jpg,
test10249.jpg,
test13549.jpg,
test10690.jpg,
test11792.jpg,
test12035.jpg,
test11901.jpg,
test14716.jpg,
test10380.jpg,
test13645.jpg,
test14544.jpg,
test12915.jpg,
test13399.jpg,
test14685.jpg,
test14477.jpg,
test14243.jpg,
test14387.jpg,
test13388.jpg,
test13820.jpg,
test12222.jpg,
test10926.jpg,
test13052.jpg,
test11205.jpg,
test11977.jpg,
test10038.jpg,
test11516.jpg,
test11386.jpg,
test12799.jpg,
test11346.jpg,
test11151.jpg,
test11971.jpg,
test12305.jpg,
test13362.jpg,
test14636.jpg,
test14917.jpg,
test12269.jpg,
test11776.jpg,
test11914.jpg,
test14748.jpg,
test12481.jpg,
test11479.jpg,
test10953.jpg,
test12126.jpg,
test12279.jpg,
test13330.jpg,
test12020.jpg,
test13415.jpg,
test10480.jpg,
test14259.jpg,
test14396.jpg,
test12739.jpg,
test12914.jpg,
test13485.jpg,
test11653.jpg,
test13071.jpg,
test14792.jpg,
test14539.jpg,
test12610.jpg,
test12068.jpg,
test13119.jpg,
test14329.jpg,
test14082.jpg,
test10536.jpg,
test12899.jpg,
test10689.jpg,
test13897.jpg,
test14064.jpg,
test13107.jpg,
test14397.jpg,
test12058.jpg,
test11783.jpg,
test11017.jpg,
test14342.jpg,
test12823.jpg,
test12705.jpg,
test10222.jpg,
test14918.jpg,
test11570.jpg,
test11093.jpg,
test13201.jpg,
test10715.jpg,
test13840.jpg,
test12022.jpg,
test14980.jpg,
test13821.jpg,
test12495.jpg,
test12786.jpg,
test10192.jpg,
test11624.jpg,
test11159.jpg,
test14823.jpg,
test11547.jpg,
test14615.jpg,
test13535.jpg,
test11401.jpg,
test10968.jpg,
test10909.jpg,
test14100.jpg,
test11318.jpg,
test13164.jpg,
test14451.jpg,
test13349.jpg,
test12518.jpg,
test10364.jpg,
test12770.jpg,
test12957.jpg,
test12032.jpg,
test11246.jpg,
test12628.jpg,
test14747.jpg,
test11893.jpg,
test13671.jpg,
test12727.jpg,
test13833.jpg,
test11278.jpg,
test14434.jpg,
test13777.jpg,
test10245.jpg,
test10543.jpg,
test14400.jpg,
test14593.jpg,
test13943.jpg,
test11266.jpg,
test12886.jpg,
test10028.jpg,
test11720.jpg,
test11506.jpg,
test14755.jpg,
test14504.jpg,
test13414.jpg,
test10275.jpg,
test12648.jpg,
test11496.jpg,
test13994.jpg,
test12811.jpg,
test14912.jpg,
test13686.jpg,
test13337.jpg,
test11396.jpg,
test10895.jpg,
test12537.jpg,
test11845.jpg,
test13725.jpg,
test14186.jpg,
test10983.jpg,
test10528.jpg,
test14441.jpg,
test11777.jpg,
test12173.jpg,
test14789.jpg,
test11673.jpg,
test11859.jpg,
test12339.jpg,
test13238.jpg,
test11689.jpg,
test10277.jpg,
test11969.jpg,
test10696.jpg,
test14992.jpg,
test13607.jpg,
test13916.jpg,
test13538.jpg,
test14285.jpg,
test13148.jpg,
test10684.jpg,
test13793.jpg,
test13424.jpg,
test12633.jpg,
test11846.jpg,
test14279.jpg,
test12585.jpg,
test14700.jpg,
test13773.jpg,
test13310.jpg,
test11382.jpg,
test13162.jpg,
test11069.jpg,
test11583.jpg,
test14902.jpg,
test10558.jpg,
test14936.jpg,
test12689.jpg,
test12959.jpg,
test12535.jpg,
test12884.jpg,
test14526.jpg,
test14180.jpg,
test12404.jpg,
test12885.jpg,
test10867.jpg,
test14671.jpg,
test12244.jpg,
test12933.jpg,
test12745.jpg,
test12831.jpg,
test11068.jpg,
test11761.jpg,
test13659.jpg,
test13182.jpg,
test13382.jpg,
test11393.jpg,
test10832.jpg,
test12725.jpg,
test11079.jpg,
test10280.jpg,
test11279.jpg,
test12998.jpg,
test10124.jpg,
test11944.jpg,
test11882.jpg,
test10541.jpg,
test12900.jpg,
test12302.jpg,
test13588.jpg,
test11640.jpg,
test13356.jpg,
test14659.jpg,
test14824.jpg,
test11564.jpg,
test13656.jpg,
test12087.jpg,
test10167.jpg,
test14981.jpg,
test11810.jpg,
test13714.jpg,
test13258.jpg,
test11379.jpg,
test14836.jpg,
test12880.jpg,
test11055.jpg,
test11127.jpg,
test12721.jpg,
test14225.jpg,
test11468.jpg,
test10474.jpg,
test13807.jpg,
test13905.jpg,
test14349.jpg,
test11420.jpg,
test10672.jpg,
test11167.jpg,
test13988.jpg,
test14310.jpg,
test12796.jpg,
test13783.jpg,
test11696.jpg,
test12836.jpg,
test11938.jpg,
test13486.jpg,
test10668.jpg,
test12437.jpg,
test10426.jpg,
test13619.jpg,
test13648.jpg,
test12319.jpg,
test11016.jpg,
test12309.jpg,
test11701.jpg,
test11102.jpg,
test11450.jpg,
test10908.jpg,
test11447.jpg,
test10188.jpg,
test11484.jpg,
test10728.jpg,
test12622.jpg,
test14715.jpg,
test11595.jpg,
test13880.jpg,
test12476.jpg,
test12283.jpg,
test10781.jpg,
test12491.jpg,
test14842.jpg,
test14677.jpg,
test13067.jpg,
test14207.jpg,
test11082.jpg,
test14495.jpg,
test10030.jpg,
test10625.jpg,
test13438.jpg,
test11088.jpg,
test14855.jpg,
test14543.jpg,
test14805.jpg,
test11059.jpg,
test10131.jpg,
test13605.jpg,
test14158.jpg,
test14925.jpg,
test13537.jpg,
test11451.jpg,
test13979.jpg,
test11526.jpg,
test12506.jpg,
test12426.jpg,
test12190.jpg,
test10778.jpg,
test13302.jpg,
test11054.jpg,
test14969.jpg,
test11991.jpg,
test13531.jpg,
test11512.jpg,
test11070.jpg,
test12673.jpg,
test13210.jpg,
test14432.jpg,
test11275.jpg,
test13930.jpg,
test12852.jpg,
test10997.jpg,
test14063.jpg,
test10166.jpg,
test13207.jpg,
test10015.jpg,
test14979.jpg,
test11730.jpg,
test12860.jpg,
test11145.jpg,
test13823.jpg,
test11704.jpg,
test10535.jpg,
test12935.jpg,
test12105.jpg,
test13394.jpg,
test11485.jpg,
test14740.jpg,
test11295.jpg,
test11277.jpg,
test13365.jpg,
test14582.jpg,
test10643.jpg,
test12162.jpg,
test11255.jpg,
test12464.jpg,
test12782.jpg,
test12315.jpg,
test12854.jpg,
test10068.jpg,
test10965.jpg,
test14987.jpg,
test13262.jpg,
test10113.jpg,
test12424.jpg,
test11890.jpg,
test12335.jpg,
test10675.jpg,
test14296.jpg,
test11660.jpg,
test10008.jpg,
test11592.jpg,
test12469.jpg,
test13697.jpg,
test13715.jpg,
test12327.jpg,
test12072.jpg,
test14585.jpg,
test11659.jpg,
test14978.jpg,
test13684.jpg,
test12378.jpg,
test11679.jpg,
test14891.jpg,
test10058.jpg,
test12041.jpg,
test13169.jpg,
test11867.jpg,
test13834.jpg,
test14620.jpg,
test10830.jpg,
test14505.jpg,
test11942.jpg,
test14251.jpg,
test11388.jpg,
test13927.jpg,
test13418.jpg,
test12681.jpg,
test14928.jpg,
test13133.jpg,
test13709.jpg,
test13993.jpg,
test13784.jpg,
test12586.jpg,
test13706.jpg,
test10618.jpg,
test14103.jpg,
test14235.jpg,
test13257.jpg,
test13159.jpg,
test14106.jpg,
test12478.jpg,
test10933.jpg,
test13585.jpg,
test10550.jpg,
test14831.jpg,
test13550.jpg,
test10520.jpg,
test10446.jpg,
test12410.jpg,
test13054.jpg,
test12301.jpg,
test12355.jpg,
test13481.jpg,
test13313.jpg,
test14018.jpg,
test14862.jpg,
test10848.jpg,
test13615.jpg,
test10450.jpg,
test11247.jpg,
test14464.jpg,
test14648.jpg,
test14171.jpg,
test11528.jpg,
test13290.jpg,
test13376.jpg,
test13574.jpg,
test12239.jpg,
test10669.jpg,
test11562.jpg,
test14004.jpg,
test11014.jpg,
test14114.jpg,
test10927.jpg,
test12488.jpg,
test10250.jpg,
test11377.jpg,
test10086.jpg,
test10650.jpg,
test11010.jpg,
test11878.jpg,
test11699.jpg,
test10217.jpg,
test14014.jpg,
test14549.jpg,
test13787.jpg,
test10743.jpg,
test14277.jpg,
test11218.jpg,
test13946.jpg,
test13050.jpg,
test12221.jpg,
test13901.jpg,
test14250.jpg,
test12655.jpg,
test14255.jpg,
test10768.jpg,
test14399.jpg,
test10371.jpg,
test11793.jpg,
test14904.jpg,
test11517.jpg,
test14191.jpg,
test14633.jpg,
test14107.jpg,
test13689.jpg,
test10428.jpg,
test13161.jpg,
test13713.jpg,
test11349.jpg,
test10271.jpg,
test14900.jpg,
test12690.jpg,
test14317.jpg,
test12191.jpg,
test14418.jpg,
test12762.jpg,
test13831.jpg,
test14224.jpg,
test14522.jpg,
test14943.jpg,
test13881.jpg,
test10635.jpg,
test14077.jpg,
test14632.jpg,
test10651.jpg,
test12750.jpg,
test13564.jpg,
test11216.jpg,
test10628.jpg,
test10074.jpg,
test10172.jpg,
test11544.jpg,
test12703.jpg,
test11762.jpg,
test11454.jpg,
test12966.jpg,
test14940.jpg,
test13832.jpg,
test10803.jpg,
test11333.jpg,
test12973.jpg,
test12845.jpg,
test12485.jpg,
test14433.jpg,
test10676.jpg,
test10718.jpg,
test10322.jpg,
test14043.jpg,
test12474.jpg,
test12106.jpg,
test10173.jpg,
test10020.jpg,
test11518.jpg,
test11717.jpg,
test13455.jpg,
test10588.jpg,
test13870.jpg,
test14407.jpg,
test14209.jpg,
test10105.jpg,
test12163.jpg,
test13528.jpg,
test12376.jpg,
test14576.jpg,
test12094.jpg,
test14833.jpg,
test12775.jpg,
test11925.jpg,
test14667.jpg,
test11315.jpg,
test12258.jpg,
test14546.jpg,
test13724.jpg,
test10228.jpg,
test11531.jpg,
test12008.jpg,
test14463.jpg,
test13472.jpg,
test10495.jpg,
test11759.jpg,
test14629.jpg,
test11281.jpg,
test11230.jpg,
test14476.jpg,
test13401.jpg,
test12515.jpg,
test10555.jpg,
test12285.jpg,
test13663.jpg,
test12747.jpg,
test13160.jpg,
test12310.jpg,
test14336.jpg,
test14266.jpg,
test11787.jpg,
test11711.jpg,
test11323.jpg,
test13128.jpg,
test14624.jpg,
test12916.jpg,
test10207.jpg,
test11698.jpg,
test13593.jpg,
test10712.jpg,
test12186.jpg,
test10823.jpg,
test13497.jpg,
test11233.jpg,
test10748.jpg,
test12284.jpg,
test10792.jpg,
test12110.jpg,
test12016.jpg,
test14959.jpg,
test11458.jpg,
test10806.jpg,
test13767.jpg,
test14149.jpg,
test14115.jpg,
test14853.jpg,
test14331.jpg,
test11134.jpg,
test13841.jpg,
test14019.jpg,
test13920.jpg,
test14368.jpg,
test11728.jpg,
test14324.jpg,
test11258.jpg,
test10012.jpg,
test14050.jpg,
test12053.jpg,
test11725.jpg,
test14169.jpg,
test11791.jpg,
test10858.jpg,
test14844.jpg,
test10857.jpg,
test11665.jpg,
test14525.jpg,
test11546.jpg,
test14944.jpg,
test12855.jpg,
test13344.jpg,
test10633.jpg,
test13089.jpg,
test13410.jpg,
test11124.jpg,
test12590.jpg,
test11957.jpg,
test12039.jpg,
test12638.jpg,
test12155.jpg,
test12947.jpg,
test11392.jpg,
test10734.jpg,
test12783.jpg,
test14938.jpg,
test10923.jpg,
test11607.jpg,
test13737.jpg,
test14772.jpg,
test10801.jpg,
test13843.jpg,
test11594.jpg,
test13292.jpg,
test14148.jpg,
test10942.jpg,
test12626.jpg,
test12384.jpg,
test11158.jpg,
test13419.jpg,
test11800.jpg,
test12659.jpg,
test11888.jpg,
test13596.jpg,
test10435.jpg,
test13991.jpg,
test14941.jpg,
test14818.jpg,
test13372.jpg,
test12096.jpg,
test11004.jpg,
test13862.jpg,
test12954.jpg,
test10363.jpg,
test14233.jpg,
test11997.jpg,
test10487.jpg,
test11582.jpg,
test10859.jpg,
test13493.jpg,
test11280.jpg,
test14660.jpg,
test14698.jpg,
test12962.jpg,
test12047.jpg,
test13965.jpg,
test14357.jpg,
test11423.jpg,
test13958.jpg,
test12955.jpg,
test13245.jpg,
test13704.jpg,
test12561.jpg,
test12179.jpg,
test12612.jpg,
test12757.jpg,
test11033.jpg,
test13256.jpg,
test10639.jpg,
test13638.jpg,
test10949.jpg,
test10658.jpg,
test13385.jpg,
test12939.jpg,
test12167.jpg,
test11160.jpg,
test12118.jpg,
test13563.jpg,
test12227.jpg,
test10337.jpg,
test10004.jpg,
test12413.jpg,
test12052.jpg,
test11685.jpg,
test13502.jpg,
test12125.jpg,
test14903.jpg,
test12971.jpg,
test14785.jpg,
test12398.jpg,
test13336.jpg,
test12238.jpg,
test10160.jpg,
test11708.jpg,
test12411.jpg,
test12911.jpg,
test10595.jpg,
test13188.jpg,
test13629.jpg,
test10570.jpg,
test13947.jpg,
test14584.jpg,
test12949.jpg,
test13640.jpg,
test11413.jpg,
test14565.jpg,
test13543.jpg,
test14787.jpg,
test14470.jpg,
test13852.jpg,
test11757.jpg,
test12402.jpg,
test13435.jpg,
test10505.jpg,
test13861.jpg,
test12127.jpg,
test10545.jpg,
test14294.jpg,
test14203.jpg,
test11147.jpg,
test12337.jpg,
test11898.jpg,
test10416.jpg,
test13339.jpg,
test11694.jpg,
test10246.jpg,
test10362.jpg,
test13268.jpg,
test11095.jpg,
test14361.jpg,
test11670.jpg,
test12609.jpg,
test13577.jpg,
test10214.jpg,
test12876.jpg,
test11946.jpg,
test11135.jpg,
test10001.jpg,
test12906.jpg,
test12838.jpg,
test12160.jpg,
test11706.jpg,
test10241.jpg,
test13454.jpg,
test14132.jpg,
test10238.jpg,
test12563.jpg,
test10918.jpg,
test10360.jpg,
test11634.jpg,
test10319.jpg,
test10794.jpg,
test10854.jpg,
test14047.jpg,
test10885.jpg,
test11542.jpg,
test14053.jpg,
test10163.jpg,
test10408.jpg,
test11911.jpg,
test12005.jpg,
test10713.jpg,
test10229.jpg,
test13951.jpg,
test12652.jpg,
test11183.jpg,
test14512.jpg,
test12427.jpg,
test14566.jpg,
test11457.jpg,
test11866.jpg,
test13088.jpg,
test12797.jpg,
test11752.jpg,
test12560.jpg,
test14767.jpg,
test11092.jpg,
test14788.jpg,
test11733.jpg,
test12562.jpg,
test14995.jpg,
test14472.jpg,
test14622.jpg,
test12675.jpg,
test13192.jpg,
test10805.jpg,
test11460.jpg,
test10966.jpg,
test14894.jpg,
test13196.jpg,
test12098.jpg,
test14701.jpg,
test14394.jpg,
test10935.jpg,
test11472.jpg,
test11571.jpg,
test10941.jpg,
test14961.jpg,
test13236.jpg,
test10046.jpg,
test14241.jpg,
test12103.jpg,
test12461.jpg,
test10116.jpg,
test10557.jpg,
test10649.jpg,
test11371.jpg,
test12936.jpg,
test14493.jpg,
test10874.jpg,
test13085.jpg,
test11263.jpg,
test12941.jpg,
test13178.jpg,
test13639.jpg,
test14951.jpg,
test13575.jpg,
test12120.jpg,
test10838.jpg,
test12129.jpg,
test12138.jpg,
test11635.jpg,
test10789.jpg,
test10510.jpg,
test13966.jpg,
test13692.jpg,
test14141.jpg,
test11348.jpg,
test14520.jpg,
test10465.jpg,
test13480.jpg,
test11983.jpg,
test11087.jpg,
test12512.jpg,
test12130.jpg,
test11042.jpg,
test10699.jpg,
test10891.jpg,
test10741.jpg,
test11580.jpg,
test10597.jpg,
test13962.jpg,
test11063.jpg,
test14554.jpg,
test14682.jpg,
test10646.jpg,
test10310.jpg,
test14708.jpg,
test11446.jpg,
test14550.jpg,
test11314.jpg,
test12063.jpg,
test10233.jpg,
test11574.jpg,
test11891.jpg,
test14058.jpg,
test10475.jpg,
test12892.jpg,
test11826.jpg,
test12952.jpg,
test10948.jpg,
test13018.jpg,
test14034.jpg,
test10537.jpg,
test11587.jpg,
test11488.jpg,
test11005.jpg,
test14901.jpg,
test12812.jpg,
test13185.jpg,
test13111.jpg,
test11341.jpg,
test11909.jpg,
test14970.jpg,
test11155.jpg,
test14001.jpg,
test11870.jpg,
test11949.jpg,
test11748.jpg,
test12613.jpg,
test14963.jpg,
test13215.jpg,
test10174.jpg,
test14491.jpg,
test10694.jpg,
test14041.jpg,
test10534.jpg,
test12345.jpg,
test10419.jpg,
test11894.jpg,
test12493.jpg,
test10947.jpg,
test10242.jpg,
test10503.jpg,
test13589.jpg,
test12858.jpg,
test11801.jpg,
test10762.jpg,
test12846.jpg,
test10797.jpg,
test10685.jpg,
test13727.jpg,
test10771.jpg,
test14514.jpg,
test11197.jpg,
test10766.jpg,
test14340.jpg,
test14927.jpg,
test12343.jpg,
test10169.jpg,
test10368.jpg,
test11864.jpg,
test14025.jpg,
test12828.jpg,
test14253.jpg,
test13241.jpg,
test11049.jpg,
test13504.jpg,
test10561.jpg,
test12715.jpg,
test13602.jpg,
test13733.jpg,
test11381.jpg,
test10142.jpg,
test12722.jpg,
test12821.jpg,
test14653.jpg,
test14090.jpg,
test13272.jpg,
test12539.jpg,
test10539.jpg,
test12691.jpg,
test12263.jpg,
test13047.jpg,
test13293.jpg,
test11495.jpg,
test10957.jpg,
test10740.jpg,
test10084.jpg,
test11110.jpg,
test11024.jpg,
test11048.jpg,
test12266.jpg,
test12696.jpg,
test14994.jpg,
test12472.jpg,
test14693.jpg,
test11764.jpg,
test10922.jpg,
test12868.jpg,
test11646.jpg,
test14780.jpg,
test11794.jpg,
test11208.jpg,
test10886.jpg,
test10314.jpg,
test12268.jpg,
test13505.jpg,
test13061.jpg,
test10056.jpg,
test12211.jpg,
test11625.jpg,
test12317.jpg,
test10355.jpg,
test12893.jpg,
test13059.jpg,
test12060.jpg,
test10302.jpg,
test12746.jpg,
test10467.jpg,
test10950.jpg,
test12188.jpg,
test12007.jpg,
test13683.jpg,
test10936.jpg,
test14607.jpg,
test14127.jpg,
test12571.jpg,
test10104.jpg,
test10400.jpg,
test10697.jpg,
test13779.jpg,
test14516.jpg,
test10051.jpg,
test14790.jpg,
test11051.jpg,
test10979.jpg,
test14634.jpg,
test12385.jpg,
test14594.jpg,
test11221.jpg,
test13876.jpg,
test12650.jpg,
test13789.jpg,
test11676.jpg,
test14649.jpg,
test14458.jpg,
test10763.jpg,
test14556.jpg,
test12640.jpg,
test12928.jpg,
test10687.jpg,
test12756.jpg,
test12548.jpg,
test10452.jpg,
test12358.jpg,
test13568.jpg,
test12171.jpg,
test11910.jpg,
test13700.jpg,
test10216.jpg,
test13096.jpg,
test11591.jpg,
test11008.jpg,
test13825.jpg,
test12581.jpg,
test13801.jpg,
test10998.jpg,
test13522.jpg,
test14804.jpg,
test12193.jpg,
test13449.jpg,
test13882.jpg,
test13158.jpg,
test11007.jpg,
test14326.jpg,
test14846.jpg,
test14417.jpg,
test14570.jpg,
test13652.jpg,
test14600.jpg,
test10298.jpg,
test10118.jpg,
test14258.jpg,
test11302.jpg,
test14075.jpg,
test12082.jpg,
test10343.jpg,
test11156.jpg,
test14694.jpg,
test13462.jpg,
test11391.jpg,
test10961.jpg,
test11084.jpg,
test13170.jpg,
test13137.jpg,
test11796.jpg,
test13915.jpg,
test10230.jpg,
test11387.jpg,
test13459.jpg,
test12647.jpg,
test14066.jpg,
test10897.jpg,
test13442.jpg,
test14074.jpg,
test11465.jpg,
test10826.jpg,
test13513.jpg,
test14828.jpg,
test10402.jpg,
test14866.jpg,
test11028.jpg,
test11442.jpg,
test13647.jpg,
test11745.jpg,
test13547.jpg,
test14319.jpg,
test10162.jpg,
test11085.jpg,
test12890.jpg,
test11389.jpg,
test13022.jpg,
test13494.jpg,
test11816.jpg,
test11964.jpg,
test14422.jpg,
test13573.jpg,
test11056.jpg,
test13091.jpg,
test14811.jpg,
test12621.jpg,
test11373.jpg,
test14837.jpg,
test11094.jpg,
test10758.jpg,
test10378.jpg,
test12666.jpg,
test12503.jpg,
test10631.jpg,
test13536.jpg,
test13094.jpg,
test11736.jpg,
test11157.jpg,
test11046.jpg,
test14707.jpg,
test12180.jpg,
test11241.jpg,
test13681.jpg,
test10809.jpg,
test10361.jpg,
test13411.jpg,
test14360.jpg,
test13866.jpg,
test14666.jpg,
test10825.jpg,
test12189.jpg,
test14586.jpg,
test11749.jpg,
test11581.jpg,
test13907.jpg,
test10648.jpg,
test10448.jpg,
test13769.jpg,
test13284.jpg,
test14877.jpg,
test13935.jpg,
test14177.jpg,
test14668.jpg,
test10148.jpg,
test12009.jpg,
test14123.jpg,
test11083.jpg,
test14007.jpg,
test14960.jpg,
test14953.jpg,
test10819.jpg,
test10573.jpg,
test14070.jpg,
test12520.jpg,
test12253.jpg,
test12401.jpg,
test12830.jpg,
test13211.jpg,
test10582.jpg,
test11469.jpg,
test12804.jpg,
test10066.jpg,
test10388.jpg,
test13237.jpg,
test14409.jpg,
test10969.jpg,
test13996.jpg,
test14166.jpg,
test14416.jpg,
test14087.jpg,
test11317.jpg,
test12368.jpg,
test13517.jpg,
test12525.jpg,
test12937.jpg,
test13846.jpg,
test12723.jpg,
test12247.jpg,
test10279.jpg,
test14428.jpg,
test14460.jpg,
test10499.jpg,
test13877.jpg,
test11022.jpg,
test13848.jpg,
test13923.jpg,
test13112.jpg,
test13317.jpg,
test12164.jpg,
test10873.jpg,
test14830.jpg,
test13403.jpg,
test10430.jpg,
test13875.jpg,
test11613.jpg,
test12863.jpg,
test11729.jpg,
test11525.jpg,
test11180.jpg,
test14323.jpg,
test11703.jpg,
test13458.jpg,
test10844.jpg,
test13826.jpg,
test12415.jpg,
test14205.jpg,
test14229.jpg,
test11001.jpg,
test10574.jpg,
test12536.jpg,
test14196.jpg,
test14921.jpg,
test13544.jpg,
test13347.jpg,
test10720.jpg,
test11889.jpg,
test11374.jpg,
test12737.jpg,
test13288.jpg,
test11399.jpg,
test13371.jpg,
test11935.jpg,
test11271.jpg,
test12859.jpg,
test12685.jpg,
test12559.jpg,
test11332.jpg,
test10189.jpg,
test13970.jpg,
test11915.jpg,
test10421.jpg,
test10318.jpg,
test14650.jpg,
test10181.jpg,
test12150.jpg,
test12801.jpg,
test13883.jpg,
test13631.jpg,
test11321.jpg,
test12759.jpg,
test13422.jpg,
test10036.jpg,
test13108.jpg,
test12308.jpg,
test13218.jpg,
test13346.jpg,
test10955.jpg,
test10254.jpg,
test14248.jpg,
test10638.jpg,
test12587.jpg,
test10251.jpg,
test12277.jpg,
test12174.jpg,
test10609.jpg,
test12397.jpg,
test10345.jpg,
test12692.jpg,
test13430.jpg,
test10872.jpg,
test13208.jpg,
test12522.jpg,
test10122.jpg,
test12601.jpg,
test10330.jpg,
test12565.jpg,
test12832.jpg,
test13594.jpg,
test14590.jpg,
test10383.jpg,
test12969.jpg,
test10379.jpg,
test12687.jpg,
test10881.jpg,
test10000.jpg,
test10120.jpg,
test11192.jpg,
test10532.jpg,
test11347.jpg,
test14303.jpg,
test11268.jpg,
test13171.jpg,
test14820.jpg,
test10269.jpg,
test12781.jpg,
test12170.jpg,
test14365.jpg,
test14908.jpg,
test12816.jpg,
test13457.jpg,
test13126.jpg,
test10711.jpg,
test10454.jpg,
test13051.jpg,
test14768.jpg,
test10865.jpg,
test12755.jpg,
test14376.jpg,
test13523.jpg,
test10403.jpg,
test14284.jpg,
test12502.jpg,
test10031.jpg,
test14023.jpg,
test14126.jpg,
test14131.jpg,
test12372.jpg,
test10461.jpg,
test10915.jpg,
test13940.jpg,
test11674.jpg,
test11834.jpg,
test13598.jpg,
test13321.jpg,
test11261.jpg,
test10045.jpg,
test14031.jpg,
test11335.jpg,
test10064.jpg,
test10496.jpg,
test13751.jpg,
test13173.jpg,
test11363.jpg,
test11702.jpg,
test13316.jpg,
test11839.jpg,
test14599.jpg,
test12760.jpg,
test14481.jpg,
test11967.jpg,
test13489.jpg,
test10053.jpg,
test11621.jpg,
test11974.jpg,
test13391.jpg,
test12889.jpg,
test13909.jpg,
test13309.jpg,
test14769.jpg,
test13520.jpg,
test12968.jpg,
test12399.jpg,
test13964.jpg,
test12787.jpg,
test14386.jpg,
test12330.jpg,
test14564.jpg,
test14208.jpg,
test13926.jpg,
test13762.jpg,
test11797.jpg,
test10140.jpg,
test13049.jpg,
test10501.jpg,
test10985.jpg,
test10288.jpg,
test10061.jpg,
test12572.jpg,
test11240.jpg,
test12677.jpg,
test11822.jpg,
test11229.jpg,
test13617.jpg,
test12532.jpg,
test13251.jpg,
test13180.jpg,
test10659.jpg,
test14133.jpg,
test12124.jpg,
test14372.jpg,
test14509.jpg,
test12500.jpg,
test10556.jpg,
test10011.jpg,
test10282.jpg,
test14408.jpg,
test12850.jpg,
test13229.jpg,
test13511.jpg,
test10332.jpg,
test14989.jpg,
test12332.jpg,
test12014.jpg,
test14663.jpg,
test11918.jpg,
test14170.jpg,
test11025.jpg,
test14110.jpg,
test13587.jpg,
test11830.jpg,
test10321.jpg,
test12867.jpg,
test13740.jpg,
test12584.jpg,
test11872.jpg,
test12131.jpg,
test14652.jpg,
test13913.jpg,
test14801.jpg,
test14016.jpg,
test12431.jpg,
test14353.jpg,
test10990.jpg,
test10278.jpg,
test13019.jpg,
test10601.jpg,
test14639.jpg,
test12382.jpg,
test10843.jpg,
test12042.jpg,
test14227.jpg,
test14695.jpg,
test13209.jpg,
test11908.jpg,
test14088.jpg,
test12184.jpg,
test12583.jpg,
test11502.jpg,
test12919.jpg,
test12558.jpg,
test14601.jpg,
test12807.jpg,
test10607.jpg,
test11456.jpg,
test10483.jpg,
test11453.jpg,
test11384.jpg,
test10910.jpg,
test11536.jpg,
test12645.jpg,
test14724.jpg,
test14870.jpg,
test13213.jpg,
test11538.jpg,
test10938.jpg,
test12921.jpg,
test10688.jpg,
test14760.jpg,
test12908.jpg,
test10272.jpg,
test14642.jpg,
test12735.jpg,
test12237.jpg,
test10645.jpg,
test14872.jpg,
test13716.jpg,
test11880.jpg,
test10529.jpg,
test11906.jpg,
test11712.jpg,
test12967.jpg,
test10356.jpg,
test13718.jpg,
test13294.jpg,
test11811.jpg,
test10849.jpg,
test14154.jpg,
test11605.jpg,
test12010.jpg,
test11206.jpg,
test10782.jpg,
test14413.jpg,
test14290.jpg,
test14541.jpg,
test10600.jpg,
test14305.jpg,
test11668.jpg,
test14829.jpg,
test10508.jpg,
test10870.jpg,
test12340.jpg,
test12306.jpg,
test12447.jpg,
test11829.jpg,
test12121.jpg,
test12817.jpg,
test13571.jpg,
test12313.jpg,
test12605.jpg,
test13425.jpg,
test14322.jpg,
test10710.jpg,
test14705.jpg,
test14882.jpg,
test10414.jpg,
test11599.jpg,
test12516.jpg,
test14097.jpg,
test12477.jpg,
test10652.jpg,
test10622.jpg,
test10494.jpg,
test10261.jpg,
test13040.jpg,
test10679.jpg,
test10472.jpg,
test11430.jpg,
test10101.jpg,
test12136.jpg,
test13007.jpg,
test11204.jpg,
test13885.jpg,
test12256.jpg,
test13797.jpg,
test11985.jpg,
test11115.jpg,
test14558.jpg,
test14013.jpg,
test14508.jpg,
test10034.jpg,
test12218.jpg,
test14732.jpg,
test10462.jpg,
test10111.jpg,
test14480.jpg,
test13368.jpg,
test11643.jpg,
test11490.jpg,
test11598.jpg,
test14348.jpg,
test10141.jpg,
test13856.jpg,
test13649.jpg,
test10917.jpg,
test10405.jpg,
test13785.jpg,
test13390.jpg,
test13557.jpg,
test10864.jpg,
test10583.jpg,
test13364.jpg,
test11274.jpg,
test11827.jpg,
test14502.jpg,
test11879.jpg,
test10967.jpg,
test14888.jpg,
test11535.jpg,
test11397.jpg,
test12176.jpg,
test14758.jpg,
test11600.jpg,
test14231.jpg,
test10357.jpg,
test11875.jpg,
test11519.jpg,
test14008.jpg,
test14033.jpg,
test11586.jpg,
test11165.jpg,
test12791.jpg,
test12720.jpg,
test12972.jpg,
test14946.jpg,
test14756.jpg,
test10299.jpg,
test11427.jpg,
test10994.jpg,
test12833.jpg,
test12598.jpg,
test13745.jpg,
test11917.jpg,
test14173.jpg,
test11336.jpg,
test12730.jpg,
test14681.jpg,
test10143.jpg,
test14212.jpg,
test11256.jpg,
test14272.jpg,
test14184.jpg,
test12931.jpg,
test11294.jpg,
test12079.jpg,
test10476.jpg,
test12365.jpg,
test10206.jpg,
test14728.jpg,
test12977.jpg,
test14993.jpg,
test13887.jpg,
test10433.jpg,
test10227.jpg,
test12342.jpg,
test12206.jpg,
test12465.jpg,
test13755.jpg,
test13610.jpg,
test11541.jpg,
test12680.jpg,
test11357.jpg,
test12387.jpg,
test10295.jpg,
test12751.jpg,
test13844.jpg,
test10812.jpg,
test13013.jpg,
test11066.jpg,
test10856.jpg,
test14346.jpg,
test11038.jpg,
test11954.jpg,
test11802.jpg,
test10892.jpg,
test14352.jpg,
test13315.jpg,
test10533.jpg,
test14743.jpg,
test13216.jpg,
test14247.jpg,
test11101.jpg,
test12964.jpg,
test13600.jpg,
test10833.jpg,
test12091.jpg,
test13516.jpg,
test14343.jpg,
test13165.jpg,
test12552.jpg,
test11523.jpg,
test12901.jpg,
test10491.jpg,
test13150.jpg,
test12449.jpg,
test13021.jpg,
test10471.jpg,
test11412.jpg,
test14656.jpg,
test10252.jpg,
test11603.jpg,
test10937.jpg,
test14864.jpg,
test12711.jpg,
test10078.jpg,
test10599.jpg,
test10970.jpg,
test13710.jpg,
test12829.jpg,
test12134.jpg,
test10981.jpg,
test10522.jpg,
test14488.jpg,
test10828.jpg,
test14190.jpg,
test14355.jpg,
test12288.jpg,
test13456.jpg,
test13360.jpg,
test12349.jpg,
test11455.jpg,
test11123.jpg,
test12396.jpg,
test13869.jpg,
test13702.jpg,
test14456.jpg,
test12223.jpg,
test12582.jpg,
test11507.jpg,
test10082.jpg,
test12672.jpg,
test10029.jpg,
test13297.jpg,
test10043.jpg,
test12395.jpg,
test14211.jpg,
test14189.jpg,
test12733.jpg,
test10007.jpg,
test10057.jpg,
test13884.jpg,
test11959.jpg,
test13331.jpg,
test10594.jpg,
test10721.jpg,
test10316.jpg,
test14552.jpg,
test13286.jpg,
test11267.jpg,
test10603.jpg,
test12619.jpg,
test12055.jpg,
test14580.jpg,
test13011.jpg,
test11555.jpg,
test10787.jpg,
test11176.jpg,
test14216.jpg,
test14002.jpg,
test14640.jpg,
test10682.jpg,
test12080.jpg,
test10807.jpg,
test12241.jpg,
test10112.jpg,
test14920.jpg,
test11754.jpg,
test14017.jpg,
test13383.jpg,
test11141.jpg,
test13275.jpg,
test11820.jpg,
test13603.jpg,
test14761.jpg,
test12023.jpg,
test10220.jpg,
test13358.jpg,
test11590.jpg,
test14974.jpg,
test13998.jpg,
test11320.jpg,
test13324.jpg,
test14616.jpg,
test13069.jpg,
test14054.jpg,
test11298.jpg,
test10901.jpg,
test11593.jpg,
test12030.jpg,
test12135.jpg,
test11511.jpg,
test10641.jpg,
test12764.jpg,
test12545.jpg,
test12978.jpg,
test11630.jpg,
test12240.jpg,
test14988.jpg,
test12849.jpg,
test13838.jpg,
test14076.jpg,
test11641.jpg,
test13874.jpg,
test10817.jpg,
test14557.jpg,
test14009.jpg,
test13474.jpg,
test14850.jpg,
test11808.jpg,
test13622.jpg,
test12462.jpg,
test10348.jpg,
test10568.jpg,
test13421.jpg,
test11459.jpg,
test12943.jpg,
test10234.jpg,
test11482.jpg,
test13842.jpg,
test10327.jpg,
test10240.jpg,
test10328.jpg,
test11325.jpg,
test11394.jpg,
test13616.jpg,
test10890.jpg,
test12412.jpg,
test10100.jpg,
test10614.jpg,
test12370.jpg,
test11308.jpg,
test14533.jpg,
test12553.jpg,
test14142.jpg,
test11228.jpg,
test13398.jpg,
test10463.jpg,
test12629.jpg,
test12483.jpg,
test10062.jpg,
test13136.jpg,
test14734.jpg,
test11416.jpg,
test13949.jpg,
test10308.jpg,
test11551.jpg,
test14332.jpg,
test13752.jpg,
test13026.jpg,
test13055.jpg,
test10265.jpg,
test13805.jpg,
test14527.jpg,
test12644.jpg,
test12073.jpg,
test14471.jpg,
test11520.jpg,
test14796.jpg,
test12578.jpg,
test11707.jpg,
test12875.jpg,
test13984.jpg,
test14215.jpg,
test12842.jpg,
test11361.jpg,
test12641.jpg,
test10404.jpg,
test12045.jpg,
test10704.jpg,
test10727.jpg,
test14179.jpg,
test10063.jpg,
test13408.jpg,
test14996.jpg,
test13043.jpg,
test12232.jpg,
test11198.jpg,
test12683.jpg,
test12051.jpg,
test12392.jpg,
test11313.jpg,
test11201.jpg,
test12463.jpg,
test10986.jpg,
test10818.jpg,
test12147.jpg,
test11234.jpg,
test10417.jpg,
test13864.jpg,
test13025.jpg,
test13400.jpg,
test12354.jpg,
test10374.jpg,
test14198.jpg,
test13443.jpg,
test11847.jpg,
test12960.jpg,
test12999.jpg,
test12466.jpg,
test10875.jpg,
test11648.jpg,
test14976.jpg,
test10661.jpg,
test10569.jpg,
test10780.jpg,
test13220.jpg,
test14032.jpg,
test13179.jpg,
test10670.jpg,
test11312.jpg,
test11842.jpg,
test14733.jpg,
test10390.jpg,
test13859.jpg,
test10399.jpg,
test12810.jpg,
test13992.jpg,
test11037.jpg,
test11445.jpg,
test10773.jpg,
test10320.jpg,
test12990.jpg,
test11700.jpg,
test10560.jpg,
test12661.jpg,
test12454.jpg,
test12981.jpg,
test13463.jpg,
test10776.jpg,
test14720.jpg,
test12275.jpg,
test12731.jpg,
test12436.jpg,
test12025.jpg,
test13910.jpg,
test10929.jpg,
test14605.jpg,
test13937.jpg,
test14771.jpg,
test14655.jpg,
test14868.jpg,
test10077.jpg,
test14905.jpg,
test10695.jpg,
test14721.jpg,
test11411.jpg,
test12183.jpg,
test11633.jpg,
test13580.jpg,
test12492.jpg,
test11019.jpg,
test11881.jpg,
test12101.jpg,
test13369.jpg,
test14089.jpg,
test12944.jpg,
test11351.jpg,
test12261.jpg,
test11947.jpg,
test13621.jpg,
test10335.jpg,
test12348.jpg,
test14425.jpg,
test10102.jpg,
test13322.jpg,
test13618.jpg,
test10385.jpg,
test13845.jpg,
test14274.jpg,
test14489.jpg,
test10705.jpg,
test11043.jpg,
test12473.jpg,
test12300.jpg,
test13567.jpg,
test14263.jpg,
test11039.jpg,
test12046.jpg,
test14911.jpg,
test13404.jpg,
test13668.jpg,
test10223.jpg,
test13957.jpg,
test14573.jpg,
test13450.jpg,
test10999.jpg,
test10158.jpg,
test14384.jpg,
test13476.jpg,
test13285.jpg,
test14895.jpg,
test12228.jpg,
test13014.jpg,
test11860.jpg,
test12353.jpg,
test13253.jpg,
test11697.jpg,
test10442.jpg,
test13675.jpg,
test13361.jpg,
test13412.jpg,
test14535.jpg,
test14542.jpg,
test14240.jpg,
test12019.jpg,
test10069.jpg,
test11072.jpg,
test13742.jpg,
test14246.jpg,
test11480.jpg,
test12049.jpg,
test10722.jpg,
test11006.jpg,
test12276.jpg,
test13723.jpg,
test13982.jpg,
test13373.jpg,
test12608.jpg,
test12248.jpg,
test13187.jpg,
test14579.jpg,
test14991.jpg,
test13151.jpg,
test10584.jpg,
test11168.jpg,
test12736.jpg,
test10615.jpg,
test14281.jpg,
test12220.jpg,
test14641.jpg,
test11656.jpg,
test13156.jpg,
test10132.jpg,
test13281.jpg,
test14292.jpg,
test14597.jpg,
test13467.jpg,
test14876.jpg,
test13775.jpg,
test10196.jpg,
test10353.jpg,
test14892.jpg,
test13595.jpg,
test10519.jpg,
test14264.jpg,
test13377.jpg,
test14427.jpg,
test13925.jpg,
test12100.jpg,
test10121.jpg,
test10190.jpg,
test13576.jpg,
test10765.jpg,
test13696.jpg,
test13273.jpg,
test13042.jpg,
test12034.jpg,
test12576.jpg,
test13912.jpg,
test13562.jpg,
test11242.jpg,
test14968.jpg,
test10860.jpg,
test10456.jpg,
test12386.jpg,
test10484.jpg,
test10507.jpg,
test12879.jpg,
test14817.jpg,
test12529.jpg,
test11740.jpg,
test10708.jpg,
test13080.jpg,
test14611.jpg,
test13726.jpg,
test14120.jpg,
test14065.jpg,
test13500.jpg,
test11927.jpg,
test14151.jpg,
test11461.jpg,
test12895.jpg,
test11738.jpg,
test12742.jpg,
test10772.jpg,
test12942.jpg,
test11440.jpg,
test14411.jpg,
test14879.jpg,
test10191.jpg,
test14139.jpg,
test10482.jpg,
test12882.jpg,
test11086.jpg,
test12208.jpg,
test10170.jpg,
test10653.jpg,
test14104.jpg,
test11569.jpg,
test11272.jpg,
test14406.jpg,
test13478.jpg,
test12660.jpg,
test10896.jpg,
test14919.jpg,
test11566.jpg,
test14922.jpg,
test12394.jpg,
test11994.jpg,
test13115.jpg,
test10010.jpg,
test14948.jpg,
test13057.jpg,
test10640.jpg,
test14726.jpg,
test11178.jpg,
test13931.jpg,
test11965.jpg,
test13320.jpg,
test14897.jpg,
test12632.jpg,
test14183.jpg,
test14468.jpg,
test11195.jpg,
test13620.jpg,
test12001.jpg,
test13747.jpg,
test12668.jpg,
test10197.jpg,
test10114.jpg,
test10232.jpg,
test14168.jpg,
test14799.jpg,
test11926.jpg,
test10604.jpg,
test11980.jpg,
test11962.jpg,
test10313.jpg,
test10898.jpg,
test14929.jpg,
test14147.jpg,
test11742.jpg,
test12580.jpg,
test12484.jpg,
test11199.jpg,
test11432.jpg,
test14589.jpg,
test10800.jpg,
test10924.jpg,
test10443.jpg,
test10080.jpg,
test10027.jpg,
test13644.jpg,
test12254.jpg,
test11236.jpg,
test13005.jpg,
test13490.jpg,
test12286.jpg,
test13304.jpg,
test11803.jpg,
test14163.jpg,
test10632.jpg,
test10268.jpg,
test14572.jpg,
test10284.jpg,
test11639.jpg,
test12071.jpg,
test14723.jpg,
test12870.jpg,
test12496.jpg,
test10839.jpg,
test14398.jpg,
test14204.jpg,
test10341.jpg,
test14020.jpg,
test11331.jpg,
test11225.jpg,
test11672.jpg,
test12028.jpg,
test10572.jpg,
test11368.jpg,
test13010.jpg,
test13939.jpg,
test12149.jpg,
test14293.jpg,
test14060.jpg,
test14606.jpg,
test14687.jpg,
test10930.jpg,
test13374.jpg,
test12698.jpg,
test13338.jpg,
test12044.jpg,
test11329.jpg,
test14672.jpg,
test11873.jpg,
test12993.jpg,
test13699.jpg,
test12156.jpg,
test14645.jpg,
test10525.jpg,
test11499.jpg,
test11238.jpg,
test14341.jpg,
test10974.jpg,
test12383.jpg,
test10411.jpg,
test11369.jpg,
test10662.jpg,
test14430.jpg,
test11444.jpg,
test14071.jpg,
test12088.jpg,
test12024.jpg,
test14308.jpg,
test14665.jpg,
test14752.jpg,
test12230.jpg,
test12623.jpg,
test13812.jpg,
test14808.jpg,
test10742.jpg,
test14690.jpg,
test13240.jpg,
test10014.jpg,
test12322.jpg,
test11012.jpg,
test14373.jpg,
test10982.jpg,
test11667.jpg,
test14519.jpg,
test12182.jpg,
test13636.jpg,
test10902.jpg,
test11415.jpg,
test13227.jpg,
test13643.jpg,
test10754.jpg,
test10225.jpg,
test13898.jpg,
test10862.jpg,
test13396.jpg,
test11498.jpg,
test14338.jpg,
test12264.jpg,
test12152.jpg,
test11771.jpg,
test12627.jpg,
test14691.jpg,
test14287.jpg,
test14462.jpg,
test13743.jpg,
test11741.jpg,
test14581.jpg,
test10224.jpg,
test11627.jpg,
test11577.jpg,
test11015.jpg,
test14795.jpg,
test12439.jpg,
test12350.jpg,
test11887.jpg,
test13036.jpg,
test10312.jpg,
test12297.jpg,
test11309.jpg,
test13000.jpg,
test14536.jpg,
test12656.jpg,
test12788.jpg,
test11805.jpg,
test13529.jpg,
test14702.jpg,
test14578.jpg,
test14821.jpg,
test13235.jpg,
test12143.jpg,
test11804.jpg,
test10512.jpg,
test11478.jpg,
test10154.jpg,
test13212.jpg,
test12593.jpg,
test14465.jpg,
test13295.jpg,
test10473.jpg,
test14052.jpg,
test14095.jpg,
test11855.jpg,
test10193.jpg,
test14915.jpg,
test11966.jpg,
test10177.jpg,
test12021.jpg,
test12983.jpg,
test10623.jpg,
test13873.jpg,
test10150.jpg,
test14081.jpg,
test14881.jpg,
test10729.jpg,
test12945.jpg,
test13487.jpg,
test10432.jpg,
test11142.jpg,
test10123.jpg,
test11327.jpg,
test10060.jpg,
test12897.jpg,
test10391.jpg,
test13739.jpg,
test13153.jpg,
test14839.jpg,
test13772.jpg,
test14374.jpg,
test12026.jpg,
test14609.jpg,
test10052.jpg,
test10842.jpg,
test14815.jpg,
test13611.jpg,
test10602.jpg,
test13087.jpg,
test12777.jpg,
test11425.jpg,
test13409.jpg,
test13103.jpg,
test11224.jpg,
test14854.jpg,
test14623.jpg,
test12356.jpg,
test11339.jpg,
test13219.jpg,
test10088.jpg,
test12528.jpg,
test11612.jpg,
test14947.jpg,
test13325.jpg,
test14415.jpg,
test13736.jpg,
test10292.jpg,
test14029.jpg,
test14932.jpg,
test13658.jpg,
test11508.jpg,
test13032.jpg,
test12898.jpg,
test11631.jpg,
test14445.jpg,
test11789.jpg,
test12311.jpg,
test11642.jpg,
test14466.jpg,
test14072.jpg,
test14022.jpg,
test14436.jpg,
test13978.jpg,
test13888.jpg,
test13197.jpg,
test11081.jpg,
test10677.jpg,
test14469.jpg,
test14977.jpg,
test12363.jpg,
test10106.jpg,
test13326.jpg,
test12326.jpg,
test12544.jpg,
test13149.jpg,
test14560.jpg,
test11175.jpg,
test13125.jpg,
test14986.jpg,
test12107.jpg,
test13417.jpg,
test11677.jpg,
test13461.jpg,
test12599.jpg,
test14710.jpg,
test14858.jpg,
test11304.jpg,
test13407.jpg,
test11632.jpg,
test12077.jpg,
test13267.jpg,
test13200.jpg,
test14086.jpg,
test11735.jpg,
test12951.jpg,
test13637.jpg,
test14753.jpg,
test14934.jpg,
test13666.jpg,
test14335.jpg,
test12197.jpg,
test11202.jpg,
test14232.jpg,
test14167.jpg,
test12062.jpg,
test12707.jpg,
test10365.jpg,
test11622.jpg,
test11372.jpg,
test10022.jpg,
test12216.jpg,
test14024.jpg,
test10447.jpg,
test11290.jpg,
test11143.jpg,
test12142.jpg,
test10642.jpg,
test13280.jpg,
test10325.jpg,
test10219.jpg,
test12658.jpg,
test14094.jpg,
test13892.jpg,
test11836.jpg,
test14288.jpg,
test13482.jpg,
test12851.jpg,
test11184.jpg,
test13614.jpg,
test14745.jpg,
test11260.jpg,
test12213.jpg,
test13613.jpg,
test13839.jpg,
test13359.jpg,
test11169.jpg,
test13306.jpg,
test13763.jpg,
test11121.jpg,
test10096.jpg,
test12036.jpg,
test11305.jpg,
test12294.jpg,
test11050.jpg,
test14887.jpg,
test11408.jpg,
test14924.jpg,
test10824.jpg,
test13977.jpg,
test11352.jpg,
test14852.jpg,
test12709.jpg,
test11904.jpg,
test12780.jpg,
test11790.jpg,
test12992.jpg,
test10500.jpg,
test14452.jpg,
test11464.jpg,
test13319.jpg,
test10726.jpg,
test10359.jpg,
test10827.jpg,
test10098.jpg,
test14478.jpg,
test12116.jpg,
test11690.jpg,
test12975.jpg,
test10264.jpg,
test11220.jpg,
test11342.jpg,
test13214.jpg,
test14275.jpg,
test14712.jpg,
test13974.jpg,
test14517.jpg,
test14039.jpg,
test10427.jpg,
test10081.jpg,
test13664.jpg,
test10423.jpg,
test13642.jpg,
test10767.jpg,
test14068.jpg,
test10205.jpg,
test11721.jpg,
test11709.jpg,
test13938.jpg,
test14162.jpg,
test11099.jpg,
test13533.jpg,
test10790.jpg,
test12251.jpg,
test12693.jpg,
test12267.jpg,
test11217.jpg,
test13703.jpg,
test13612.jpg,
test11345.jpg,
test12878.jpg,
test11311.jpg,
test14137.jpg,
test10376.jpg,
test10943.jpg,
test11020.jpg,
test12688.jpg,
test11692.jpg,
test14532.jpg,
test14942.jpg,
test11011.jpg,
test10477.jpg,
test10888.jpg,
test10700.jpg,
test11978.jpg,
test11128.jpg,
test10247.jpg,
test13761.jpg,
test12377.jpg,
test12312.jpg,
test11693.jpg,
test10980.jpg,
test13423.jpg,
test10409.jpg,
test12132.jpg,
test10395.jpg,
test14845.jpg,
test11470.jpg,
test10846.jpg,
test12287.jpg,
test12871.jpg,
test10035.jpg,
test12564.jpg,
test12325.jpg,
test13466.jpg,
test14727.jpg,
test13851.jpg,
test10900.jpg,
test14262.jpg,
test14730.jpg,
test14851.jpg,
test13248.jpg,
test12389.jpg,
test13651.jpg,
test11537.jpg,
test11452.jpg,
test11062.jpg,
test10665.jpg,
test12076.jpg,
test13323.jpg,
test14848.jpg,
test10115.jpg,
test12987.jpg,
test12606.jpg,
test12513.jpg,
test10691.jpg,
test13354.jpg,
test10138.jpg,
test14206.jpg,
test11683.jpg,
test13911.jpg,
test10157.jpg,
test10877.jpg,
test14626.jpg,
test11629.jpg,
test14314.jpg,
test12192.jpg,
test11756.jpg,
test13198.jpg,
test12203.jpg,
test11924.jpg,
test13066.jpg,
test13130.jpg,
test12726.jpg,
test11433.jpg,
test14388.jpg,
test11211.jpg,
test14129.jpg,
test13519.jpg,
test11767.jpg,
test14661.jpg,
test10799.jpg,
test14849.jpg,
test12534.jpg,
test13990.jpg,
test12753.jpg,
test10369.jpg,
test12140.jpg,
test12501.jpg,
test11585.jpg,
test13037.jpg,
test10003.jpg,
test14654.jpg,
test14971.jpg,
test11737.jpg,
test11548.jpg,
test12940.jpg,
test10814.jpg,
test10506.jpg,
test13305.jpg,
test13646.jpg,
test14503.jpg,
test13431.jpg,
test12541.jpg,
test13060.jpg,
test12393.jpg,
test13694.jpg,
test12235.jpg,
test14092.jpg,
test13816.jpg,
test13799.jpg,
test11421.jpg,
test11407.jpg,
test12443.jpg,
test12128.jpg,
test12083.jpg,
test12040.jpg,
test12665.jpg,
test10203.jpg,
test10339.jpg,
test13987.jpg,
test10033.jpg,
test10305.jpg,
test13719.jpg,
test11428.jpg,
test14914.jpg,
test13849.jpg,
test13460.jpg,
test12452.jpg,
test10161.jpg,
test10703.jpg,
test12187.jpg,
test10987.jpg,
test14178.jpg,
test13955.jpg,
test13157.jpg,
test10546.jpg,
test14492.jpg,
test10655.jpg,
test14424.jpg,
test10732.jpg,
test11992.jpg,
test14899.jpg,
test13688.jpg,
test13759.jpg,
test13406.jpg,
test11107.jpg,
test10779.jpg,
test14156.jpg,
test13350.jpg,
test13283.jpg,
test12749.jpg,
test10884.jpg,
test14952.jpg,
test11920.jpg,
test12825.jpg,
test14610.jpg,
test10620.jpg,
test14827.jpg,
test10798.jpg,
test14537.jpg,
test10630.jpg,
test11652.jpg,
test14958.jpg,
test12406.jpg,
test10735.jpg,
test13387.jpg,
test11896.jpg,
test11119.jpg,
test14159.jpg,
test13606.jpg,
test10407.jpg,
test12818.jpg,
test12853.jpg,
test12808.jpg,
test12093.jpg,
test12932.jpg,
test13083.jpg,
test11955.jpg,
test10370.jpg,
test10760.jpg,
test12982.jpg,
test10681.jpg,
test10725.jpg,
test14320.jpg,
test14735.jpg,
test10802.jpg,
test11409.jpg,
test10256.jpg,
test13721.jpg,
test12874.jpg,
test14282.jpg,
test14628.jpg,
test14930.jpg,
test12813.jpg,
test11303.jpg,
test13064.jpg,
test13345.jpg,
test11215.jpg,
test13985.jpg,
test13395.jpg,
test12081.jpg,
test14325.jpg,
test12259.jpg,
test10255.jpg,
test14350.jpg,
test14218.jpg,
test13570.jpg,
test11296.jpg,
test12615.jpg,
test14954.jpg,
test13289.jpg,
test14547.jpg,
test12912.jpg,
test12611.jpg,
test10521.jpg,
test13995.jpg,
test11753.jpg,
test12902.jpg,
test11171.jpg,
test14863.jpg,
test12772.jpg,
test11916.jpg,
test14150.jpg,
test14315.jpg,
test10637.jpg,
test10552.jpg,
test13397.jpg,
test13754.jpg,
test14118.jpg,
test13452.jpg,
test12763.jpg,
test11857.jpg,
test13986.jpg,
test14051.jpg,
test12527.jpg,
test10067.jpg,
test13625.jpg,
test13451.jpg,
test14722.jpg,
test13532.jpg,
test11209.jpg,
test12865.jpg,
test13366.jpg,
test13526.jpg,
test10198.jpg,
test10598.jpg,
test12119.jpg,
test13226.jpg,
test13239.jpg,
test12538.jpg,
test14602.jpg,
test11166.jpg,
test14268.jpg,
test13154.jpg,
test10894.jpg,
test10976.jpg,
test10730.jpg,
test12194.jpg,
test14474.jpg,
test14283.jpg,
test10273.jpg,
test13701.jpg,
test12843.jpg,
test10972.jpg,
test12289.jpg,
